,Text ID,Title,Negative,Neutral,Positive,Geopolitical Entities
3,6903,"Tehran, USA",0.0,1.0,0.0,Tehran; USA
6,7623,10 Ways America Is Preparing for World War 3,0.328,0.672,0.0,America
11,5743,"Syrian War Report – November 1, 2016: Syrian Military Deploys Advanced T-90 Battle Tanks to Aleppo",0.302,0.605,0.093,Aleppo
14,7385,"Brexit Encourages UK to Trade With Non-EU States, Including Russia",0.0,0.756,0.244,UK; Russia
16,9324,Mike Pence Drapes Shawl Over Immodest Lady Justice Statue - The Onion - America's Finest News Source,0.0,0.825,0.175,America
31,7540,Detroit women’s Halloween decorations depict ‘real-life horrors’ … such as shootings police by police,0.0,1.0,0.0,Detroit
34,6061,Truth Will Out Radio: The Laconia Incident,0.0,0.723,0.277,Laconia
38,7049,Celebrity Deathmatch: Darkmoon Sages Make Their Final Predictions on US Election,0.0,1.0,0.0,US
49,6763,Russia may run out of patience and respond to USA's rudeness,0.2,0.8,0.0,Russia; USA
56,9398,Comey Must Explain Why He Advised Obama Not to Publicly Accuse Russia of Hacking Democrats,0.0,0.898,0.102,Russia
57,10427,"Putin Congratulates Trump, Says Russia Is Ready To Restore Relations With The US",0.0,0.701,0.299,Russia; US
62,8122,Suspect captured in ‘ambush-style’ killings of two Iowa cops,0.489,0.511,0.0,Iowa
63,8988,Re: 10 Things That Every American Should Know About Donald Trump’s Plan To Save The U.S. Economy,0.0,0.833,0.167,US
73,9468,Comment on Maryland Trump Supporter: They Switched My Vote to Hillary by misterdawg,0.0,0.851,0.149,Maryland
76,6527,Shi’ite Militias Join Iraq’s Mosul Attack,0.333,0.43,0.237,Iraq; Mosul
77,9447,U.S. Taxpayers Pay AT&T Millions of Dollars a Year For the Privilege of Spying on Them,0.078,0.782,0.14,US
79,7228,Are Tensions With Russia Even Real?,0.351,0.649,0.0,Russia
84,7474,Undercover Video Exposes Obama’s Plan to Make American “Gun Laws” More Like Britain – TruthFeed,0.087,0.752,0.162,Britain
85,7661,"Syrian War Report – November 2, 2016: ISIS and Al-Nusra Attempt to Cut Off Govt Supply Line to Aleppo",0.261,0.739,0.0,Aleppo
87,8210,Only Making Matters Worse in Syria,0.378,0.488,0.134,Syria
93,7757,Raqqa/Mosul: Politicians Fiddle As Middle East Burns,0.0,1.0,0.0,Raqqa
95,5297,Western Lynch Mob on Russia Ties Itself up in Absurd Anots      : Information,0.0,1.0,0.0,Russia
103,6035,UKIP MEPs Steven Woolfe & Mike Hookem reported to French police over Strasbourg scuffle,0.0,1.0,0.0,Strasbourg
104,9134,Justice Clarence Thomas Describes Washington DC As “Broken”,0.0,0.673,0.327,Washington DC
105,6407,"The Week In Pictures – Week Of October 31, 2016 - The Onion - America's Finest News Source",0.0,1.0,0.0,America
111,9948,US Airstrikes on Iraqi Army Slowing Advance on Mosul,0.0,1.0,0.0,US; Mosul
112,6058,"Clinton Camp Desperate, Russia Trains for WWIII",0.277,0.723,0.0,Russia
113,8767,Comment on Tainted Measles Vaccine Kills More Than 50 Children In Syria by Tragic Deaths Used To Promote Vaccine Fear – On The Fence About Vaccines,0.283,0.641,0.076,Syria
120,6698,The circus of liars - America's three rings of evil clowns,0.464,0.536,0.0,America
122,10048,"The role of the US and Nato in EU relations with China, by Manlio Dinucci",0.0,1.0,0.0,US; China
124,7892,Comment on Breaking: CDC Blocks Testimony of Their Senior Scientist Who Blew The Whistle on Severe Medical Malpractice by CDC Accused of Blocking Testimony from Senior Scientist — New York Malpractice & Injury Lawyer Blog,0.287,0.713,0.0,New York
132,9953,Exclusive: Siege of Islamabad,0.0,0.667,0.333,Islamabad
138,9044,North Carolina Hillary Supporter Brags on Facebook About Voting Multiple Times,0.0,0.826,0.174,North Carolina
139,6203,Russia reacts to UN aid chief's Aleppo 'kill zone' remarks,0.343,0.657,0.0,Russia; Aleppo
141,6850,Pro-Palestinian Propaganda Lowering Standards of Truth in America,0.354,0.442,0.204,America
144,6801,China Airport Security Robot Gives Electroshocks,0.0,0.676,0.324,China
152,9283,John Oliver: America’s Increasingly Segregated Schools Are ‘Very Rarely Equal in Any Way’ (Video),0.0,1.0,0.0,America
155,9508,"Russia, India Discuss FGFA Advanced Fighter, Su-30MKI Upgrade",0.0,0.625,0.375,Russia; India
156,8197,BREAKING : TED CRUZ CALLS FOR SPECIAL PROSECUTOR TO INVESTIGATE HILLARY – TruthFeed,0.0,0.778,0.222,HILLARY
159,10246,Iraq’s Skies Darken as Islamic State Torches Oil,0.0,1.0,0.0,Iraq
164,5926,After Debate Duke Says USA becoming Banana Republic,0.0,1.0,0.0,USA
169,9340,Russia successfully tests its first-ever hypersonic weapon,0.212,0.481,0.308,Russia
171,7844,Walmart Goes Against The Grain Of Obama’s America With New Thanksgiving Ad,0.0,1.0,0.0,America
172,7928,The Path To Total Dictatorship: America’s “Shadow Government” And Its Silent Coup,0.0,1.0,0.0,America
175,6135,Comment on U.S. war with Iran has already begun by جنگ ارزی آمریکا علیه ایران / مورد مطالعاتی سال 1390 - کدآمایی,0.157,0.843,0.0,US; Iran
178,8263,David Duke wins Louisiana Senate Debate in Landslide despite BLM Riots,0.0,0.584,0.416,Louisiana
191,6429,#InNorthDakota ~~ PALESTINIANS STAND WITH THE SIOUX,0.0,1.0,0.0,InNorthDakota
192,6918,"ISIS Declares It Will kill Palestinians “One By One”’, Yet Remains Quiet On Israel",0.266,0.734,0.0,Israel
197,9251,US abstains from UN vote calling for end to Cuban embargo,0.0,1.0,0.0,US
198,8146,Young Turks Finds Out Why Trump Is About To Lose Utah For Republicans For First Time In Decades (VIDEO),0.13,0.87,0.0,Utah
213,6588,Will a No-Fly Zone Help the People of Aleppo?,0.0,0.748,0.252,Aleppo
214,9586,"Experts Recommend Breaking Down Crushing Defeats Into Smaller, More Manageable Failures - The Onion - America's Finest News Source",0.316,0.586,0.098,America
217,9648,"It Begins: Crowds Mass In Major Cities: DC, LA, NYC, Philly, Portland, More… | Will It Escalate? | “95% Chance Of Widespread Violence”",0.0,0.917,0.083,DC; LA; NYC; Philly; Portland
218,9437,Hillary Fan SLEEPS At Rally! Snoozy Smurf Steals Show! (ABC News) Coconut Creek FLA,0.214,0.66,0.126,Coconut Creek; FLA
222,10548,Joe Giambrone on Hollywood’s Shameless & Underhanded Assault on Political Truth,0.376,0.485,0.139,Hollywood
228,9553,The Anatomy of Crisis and the Decline of US Empire,0.313,0.687,0.0,US
231,7529,Daesh abducts 1000s near Mosul to use them as human shields: UN,0.0,1.0,0.0,Mosul
232,8353,Oregon Standoff Leaders Acquitted For Malheur Wildlife Refuge Takeover,0.0,0.8,0.2,Oregon
236,7253,"Anonymous hacker Deric Lostutter faces 16 years in prison, while Steubenville rapists walk free",0.347,0.502,0.151,Steubenville
245,7863,Hacking Accusations Against Russia Are Sign of Washington's Desperation,0.431,0.569,0.0,Russia; Washington
255,9618,President Putin Asks US To Stop Provoking Russia,0.4,0.6,0.0,US; Russia
264,9738,Alabama Prison Officials Retaliate Against Prison Strike Leader By Cutting Water To Cell,0.516,0.484,0.0,Alabama
265,7410,Re: Texas Police Arrest Trump Voter for Wearing “Deplorable” T-Shirt,0.211,0.789,0.0,Texas
266,5551,"NGOs should condemn terrorists in Syria, not Russia fighting them – Foreign Ministry",0.356,0.532,0.112,Syria; Russia
267,8648,Genetically Modified Crops in U.S. Fail to Deliver Expected Yields,0.28,0.72,0.0,US
271,7938,Green Party’s Margaret Flowers Challenges US Senate Debate in Maryland as Undemocratic [1],0.0,0.902,0.098,US; Maryland
276,9785,Israel: 1984 Everlasting,0.0,1.0,0.0,Israel
277,5485,Georgia Abandons Ukraine's Anti-Russian Obsession - Archil Sikharulidze,0.439,0.561,0.0,Georgia; Ukraine
282,7831,"How Western Media Teleported a Child 'Victim' from Homs to Aleppo (PHOTOS, VIDEO)",0.149,0.851,0.0,Homs; Aleppo
293,6863,Electronic Voting Machines Caught Switching Trump Votes To Hillary: “Trying to Steal Texas” | Survival,0.186,0.814,0.0,Texas
294,10300,"India's Stonehenge: 7,000-Year-Old Megalithic Site is Oldest Observatory in South Asia",0.0,1.0,0.0,India
295,9765,Top US General Pleads With Troops Not To Revolt Over 2016,0.0,0.847,0.153,US
297,6220,BLOOMBERG-BACKED PENNSYLVANIA ATTORNEY GENERAL SENTENCED TO 10-23 MONTHS IN PRISON,0.423,0.577,0.0,PENNSYLVANIA
301,5760,"Russia, India will expand military cooperation with focus on Navy projects | Russia & India Report",0.0,0.867,0.133,Russia; India; Russia; India
305,9302,Syria’s UN Envoy ‘Appalled’ By Rebel Attacks On Civilians In Aleppo,0.333,0.667,0.0,Syria; Aleppo
307,5826,"Report from the Refugee Camp in Calais, France: “the Jungle”",0.0,1.0,0.0,Calais; France
313,10056,"Fifteen years after NATO bombings, Montenegro wants to join NATO",0.0,0.804,0.196,Montenegro
314,9835,"US charges 61 with India-based scam involving 15,000 victims",0.574,0.426,0.0,US; India
315,6787,US: Kurdish Troops Will Be Involved in Invading ISIS Capital of Raqqa,0.0,1.0,0.0,US; Raqqa
317,6752,"A ""Gesture of Thanks"": Turkey arrests terrorists for extradition to Russia",0.391,0.447,0.162,Turkey; Russia
321,9930,Trump Makes Last-Minute Push To Appeal To Whites - The Onion - America's Finest News Source,0.0,1.0,0.0,America
323,5401,Zakharova: Kiev's talk of an armed OSCE mission is disinformation,0.0,1.0,0.0,Kiev
327,5891,Trump’s Twitter Access Revoked - The Onion - America's Finest News Source,0.0,1.0,0.0,America
335,9514,US Airstrike Kills Four Iraqi Troops Near Mosul,0.333,0.667,0.0,US; Mosul
350,9613,This is What Will Happen to Mosul After ISIS is Evicted,0.0,1.0,0.0,Mosul
352,5728,Former Director Of National Budget Warns That Markets Will Tank After US Election,0.104,0.896,0.0,US
356,8421,"Syrian War Report – November 7, 2016: Russian Attack Helicopters Swarm in Homs Province | The Vineyard of the Saker",0.28,0.72,0.0,Homs
366,9381,Wife of Muslim jihadist who killed and wounded over 100 in Orlando nightclub massacre says she “knew nothing”,0.209,0.791,0.0,Orlando
367,6837,Farming Invented Many Times by Many Different Farmers Over A Vast Landscape. @CarlZimmer. @NYTimes. - Russia News Now,0.0,1.0,0.0,Russia
369,6474,Hillary: Leaked Audio of Her Discussing Rigging an Election in Palestine,0.187,0.813,0.0,Palestine
372,5445,"Steve Quayle On Economic Collapse, World War 3 and U S elections",0.415,0.585,0.0,U S
379,7038,US Not Ruling Out Daesh Involvement in Afghanistan Offensive,0.273,0.727,0.0,US; Afghanistan
380,6728,The United States Is Pre-Positioning “Enemy Assets” In Preparation For A Rigged Election,0.153,0.675,0.172,The United States
381,5484,Comment on “This is My Second One” — Virginia Cop Caught Bragging About Killing Two Unarmed People by Jamieson,0.196,0.804,0.0,Virginia
389,6090,Julian Assange Ends The Suspense: “The Source Of Hacked Emails Is Not Russia”,0.184,0.816,0.0,Russia
390,6210,TRUMP TSUNAMI INCOMING: What Trump Did In Florida Today Will Make Him President!,0.0,1.0,0.0,TSUNAMI; Florida
391,8283,Trump’s Star Vandalized On Hollywood Walk Of Fame - The Onion - America's Finest News Source,0.0,0.838,0.162,America
397,8389,Contaminated Food from China Now Entering the U.S. Under the 'Organic' Label,0.0,1.0,0.0,China; US
399,8326,Donald Trump: The next President of the United States of America,0.0,0.781,0.219,the United States of America
406,7114,Turkey Rounds Up Erdogan’s Political Opponents as Crackdown Widens,0.0,1.0,0.0,Turkey
412,7090,Discrimination and Condemnation: Australia’s War on Boat People,0.562,0.438,0.0,Australia
421,7425,It isn’t ‘Islamophobia’ when an Oklahoma GOP State Rep. says “Islam is a cancer in our nation that needs to be cut out”,0.236,0.764,0.0,Oklahoma
422,6880,WELCOME TO PARIS where tour buses have to navigate around all the new Muslim tent cities filling the streets,0.0,0.828,0.172,PARIS
424,6830,US Insiders – Not Russia – Leaked Clinton Emails,0.0,0.803,0.197,US; Russia
428,10439,California & Oregon Want To Secede From The U.S. After Trump Election,0.0,0.894,0.106,California; Oregon; US
431,7304,"Former Miss Finland accuses Trump of sexual assault, bringing number of accusers to 12",0.408,0.524,0.068,Finland
432,10501,United States  Reformation or Fracture?,0.0,0.641,0.359,United States
434,6600,Tiny Homes Banned In U.S. At Increasing Rate As Govt Criminalizes Sustainable Living,0.2,0.8,0.0,US
440,9293,STRANGE THING moving up Alaska’s Chena River caught on video,0.22,0.78,0.0,Alaska
442,5547,"WHAT HAPPENED? In 2014, Quebec tried to pass a Charter that would have banned all religious attire in public, specifically to prevent Muslim women from hiding their faces",0.166,0.799,0.035,Quebec
444,5590,Pentagon: No Plan ‘So Far’ For US Troops to Enter Mosul,0.18,0.82,0.0,US; Mosul
445,5502,Russian pianist Denis Matsuev terrorized in US for supporting Putin,0.273,0.533,0.193,US
454,9303,Town in Wisconsin Passes Law That Fines Parents of Bullies,0.0,1.0,0.0,Wisconsin
455,7200,FBI Investigating New Clinton Emails - The Onion - America's Finest News Source,0.0,1.0,0.0,America
458,7375,Shallow 5.4 magnitude earthquake rattles central Italy; shakes buildings in Rome,0.0,1.0,0.0,Italy; Rome
460,10304,Refugee Resettlement Watch: Swept Away In North Carolina,0.0,1.0,0.0,North Carolina
462,7670,300 US Marines Deployed To Norway Near Russian Border For First Time Since World War II,0.206,0.794,0.0,US; Norway
463,10462,Julian Assange: Why We Published What We Have on the US Elections,0.0,1.0,0.0,US
464,9463,Pakistan expels India diplomat in tit-for-tat move,0.302,0.698,0.0,Pakistan; India
465,10340,News Shot: Detroit Airport Uses New System To Control Travelers,0.0,1.0,0.0,Detroit
469,7210,The President Of The United States of America: Donald J. Trump,0.0,0.781,0.219,The United States of America
472,6167,IT Firm Wins $63Mln US Army Contract in South Korea - NCI,0.0,0.748,0.252,South Korea
484,7222,AUSTRIA: Freedom Party leader calls Chancellor Angela Merkel the “most dangerous woman in Europe”,0.148,0.524,0.329,AUSTRIA
489,9232,I Am A Syrian Living in Syria: “It was Never a Revolution nor a Civil War. The Terrorists are sent by your Government”,0.145,0.743,0.111,Syria
491,7345,Two-time world champion in kickboxing killed in Moscow. Video,0.292,0.455,0.253,Moscow
493,5408,Texas county switches to 'emergency paper ballots',0.302,0.698,0.0,Texas
498,5606,"First Iraqi Troops Enter Mosul, But Fighting Remains Largely in Suburbs",0.245,0.755,0.0,Mosul
499,5753,SHOCK VIDEO : Hillary Needs Help Climbing ONE SINGLE STEP in Florida – TruthFeed,0.185,0.665,0.15,Florida
505,9097,ICE Agent Commits Suicide in NYC; Leaves Note Revealing Gov’t Plans to Round-up & DISARM Americans During Economic & Bank Collapse | EndingFed News Network,0.25,0.714,0.036,NYC
510,6433,"New Company Aims To Explore Intersection Of Technology, Other Thing - The Onion - America's Finest News Source",0.0,1.0,0.0,America
527,7635,U.S. LAWMAKERS RAISE PRIVACY CONCERNS OVER NEW HACKING RULES,0.0,1.0,0.0,US
528,7258,U.S. Currency Hidden Images,0.0,1.0,0.0,US
529,6722,"Monsanto Behind 4-Years-in-the-Making, Failed Peace Deal in Colombia",0.258,0.469,0.273,Monsanto; Colombia
534,7560,"Comment on ‘Voting Is Rigged & Used To Pacify The Public’ Says Three-Time US Presidential Candidate Ron Paul by Anonymous: There Is No One Way To Live On This Planet, But We Can Be Harmonious – Collective Evolution",0.079,0.826,0.094,US
536,5674,"Prime Minister of France says, “if we grant immediate asylum to illegal alien Muslim invaders, by tomorrow they will be speaking French and sharing French values”",0.113,0.721,0.166,France
537,8699,US Presidential Elections Sound a Warning of Catastrophes to Come,0.211,0.789,0.0,US
538,8773,DONALD TRUMP & DEUTSCHE BANK: DID CLINTONS LEAN ON US JUSTICE DEPARTMENT?,0.0,0.727,0.273,US
547,8640,Military op to retake Mosul from ISIS,0.0,1.0,0.0,Mosul
553,8527,Banana Republic Election in the United States?,0.0,0.682,0.318,Banana Republic; the United States
555,5513,"If Donald Trump Wins The Election, It Will Be The Biggest Miracle In US Political History",0.0,0.651,0.349,US
558,5793,"Rebels Escalate Attacks on Western Aleppo, Killing 12 Civilians",0.603,0.397,0.0,Aleppo
560,7015,Saudi Arabia to behead disabled man for taking part in protests,0.16,0.84,0.0,Saudi Arabia
563,10101,Green Party’s Margaret Flowers Challenges US Senate Debate in Maryland as Undemocratic,0.0,0.894,0.106,US; Maryland
572,7221,WIKILEAKS : Hillary Receiving Donations from Radical Muslims in Turkey – TruthFeed,0.0,1.0,0.0,Turkey
576,7794,Juror in Oregon militia trial dismissed for bias: judge,0.149,0.851,0.0,Oregon
578,9280,300 US Marines To Be Deployed To Russian Border In Norway,0.0,1.0,0.0,US; Norway
579,8336,ISIS shoots down Russian helicopter near Palmyra (VIDEO+PHOTOS),0.0,1.0,0.0,Palmyra
581,6887,German Defense Minister warns Donald Trump to stay away from Russia and commit full to NATO,0.077,0.718,0.204,Russia
586,10036,Media Roll Out Welcome Mat for ‘Humanitarian’ War in Syria,0.262,0.537,0.201,Syria
588,8596,"China, Russia, The Silk Road, Commodities, Nixon And A Massive Bull Market In Gold & Silver",0.0,1.0,0.0,China; Russia
602,5420,12 and 63-minute videos: Donald Trump connects to false flag targeting Muslims. Did you really think our ‘masters’ offer anything other than false choice between Left and Right arms of a .01% US rogue state?,0.0,1.0,0.0,US
603,7859,Tribute to the Last Honorable US Senator: The Story of Paul Wellstone’s Suspected Assassination,0.286,0.542,0.172,US
608,8997,UN’s Yemen Peace Plan Would Sideline Former President Hadi,0.0,0.696,0.304,Yemen
610,10023,"Minnesota Man Arrested, Sentenced to 6-Months in Jail for Having a Windmill On His Property",0.244,0.756,0.0,Minnesota
617,5560,"Re: The U.S. Will Lose Global Reserve Status, Expect 80-90% Devaluation Of the U.S. Dollar",0.162,0.838,0.0,US; US
619,5503,"Space Wars Likely In The Future As US, Russia Develop Satellite Weapons",0.394,0.606,0.0,US; Russia
621,8195,The US Elections Do Matter But Not Necessary To Follow Them – Sheikh Imran Hosein,0.0,0.93,0.07,US
628,8275,"Spy Scandals, Globalism and the Betrayal of America",0.538,0.462,0.0,America
642,10144,Biggest Election Fraud In History Discovered In The United States,0.26,0.548,0.192,The United States
643,6178,Duterte Calls US Admin ‘Monkeys’ for Halting Arms Sales,0.0,1.0,0.0,US
644,8736,Malaysia to Buy Ships From China in Another Blow to US Regional Dominance,0.0,0.87,0.13,Malaysia; China; US
647,9698,BREAKING : Trump BEATING “Federal Investigation Hillary” by 4% in Michigan’s Absentee Voting – TruthFeed,0.31,0.69,0.0,Michigan
648,9497,"‘Like Warsaw ghetto’: Attendees attacked, surrounded at Israeli speaker event at London university",0.272,0.728,0.0,Warsaw; London
654,5888,Unprecedented letter from Chair of Joint Chiefs suggests U.S. military does not want a President Hillary,0.075,0.925,0.0,US
655,5943,North Dakota Police Arrest Over 140 Pipeline Protesters,0.417,0.583,0.0,North Dakota
660,10024,Photo of the day: Miss Russia at the international beauty contest in Tokyo,0.098,0.671,0.232,Tokyo
663,7354,Experts Just Uncovered The Top Secret Server Trump Uses To Talk To Russia,0.0,0.87,0.13,Russia
664,5649,Travel: Conor McGregor’s Guide To New York,0.0,1.0,0.0,New York
665,9005,"Kiev officials forced to declare incomes, Ukrainians threaten revolt",0.444,0.556,0.0,Kiev
668,6389,"Reinventing Democracy in America Starts by Voting, Then Building an Accountability Movement",0.0,1.0,0.0,America
669,9227,PressTV-Huge blast kills 47 in Pakistan's Balochistan,0.368,0.632,0.0,Pakistan; Balochistan
672,9261,"United States – reformation or fracture?, by Thierry Meyssan",0.0,0.741,0.259,United States
673,9335,British PM Refuses To Withdraw Support For Saudi Arabia,0.0,0.748,0.252,Saudi Arabia
676,8196,Voter Dreading Being Sent Over To Visibly Stupid Poll Worker - The Onion - America's Finest News Source,0.298,0.702,0.0,America
677,8391,North Korea Threatens ‘Sacred’ Nuclear War Against Israel if this country continue supporting ISIS,0.319,0.539,0.142,North Korea; Israel
681,10429,"US Officials, FBI See No Link Between Trump and Russia",0.196,0.804,0.0,US; Russia
683,8077,Anyone from the family who can understand what I speak will be appointed as UP CM: Mulayam Singh,0.0,1.0,0.0,UP
686,5604,Benny Morris’s Untenable Denial of the Ethnic Cleansing of Palestine,0.0,1.0,0.0,Palestine
689,8830,'America Has Lost' in the Philippines as Duterte Calls for Alliance with Russia and China - Pepe Escobar,0.119,0.881,0.0,America; Philippines; Russia; China
690,7998,California's Death Penalty: Mike Ramos v. Kevin Cooper and Proposition 62,0.434,0.566,0.0,California
695,9166,Russia And Syria Blamed For Idlib Bombing Hoax,0.464,0.536,0.0,Russia; Syria; Idlib
699,9211,"Shiite militia says it is close to Tal Afar, which Turkey has warned is off limits",0.123,0.877,0.0,Turkey
702,6813,Condell: America’s Moment Of Truth,0.0,0.635,0.365,America
703,8398,SATAN 2: Russia unvelis an image of its terrifying new ‘SUPERNUKE’ – Western world takes notice,0.198,0.802,0.0,Russia
711,8995,Re: Rights? In The New America You Don’t Get Any Rights!,0.0,1.0,0.0,America
712,8369,OPEC Fails to Agree as U.S. Energy Industry Ramps Up,0.194,0.486,0.319,US
713,9633,WW3 Nuclear War Drills World War 3 To Start In Ukraine,0.464,0.536,0.0,Ukraine
724,10069,Kurds Worried Turkey Will Stab Them in the Back as They Fight ISIS,0.462,0.538,0.0,Turkey
726,5828,Make America Vote Again,0.0,1.0,0.0,America
730,7636,U.S. militia girds for trouble as presidential election nears,0.252,0.748,0.0,US
740,5581,Comment on 65 US ‘journalists’ at a private dinner with Hillary Clinton’s team and John Podesta by Debbie Menon,0.0,1.0,0.0,US
743,5860,Soros Paid Al Gore MILLIONS to Push ‘Aggressive US Action’ on Global Warming,0.0,0.882,0.118,US
755,8999,America's Trump supporters may be lured to Florida and walled in by US government to maintain peaceful transfer of power after election.,0.0,0.766,0.234,America; Florida; US
758,10128,Tennessee Children with Brittle Bones Suffer in State Care as Mom Charged with SBS,0.272,0.564,0.164,Tennessee
766,7268,Former US Attorney for DC: New Hillary Email Probe Was Result of ‘Revolt’ Inside FBI,0.0,1.0,0.0,US; DC
772,9620,Trump Victory Necessary to Get US Into World War?,0.328,0.672,0.0,US
778,9617,CONFIRMED: Russia deploys Kuznetsov aircraft carrier to defend Syrian coast,0.0,1.0,0.0,Russia
780,8851,"Area Liberal No Longer Recognizes Fanciful, Wildly Inaccurate Mental Picture Of Country He Lives In - The Onion - America's Finest News Source",0.091,0.909,0.0,America
781,6279,When Charlottesville Was Nuked,0.0,1.0,0.0,Charlottesville
782,6479,Comment on Seattle council member proposes a MASSIVE fee hike for pot shops by Steven Broiles,0.0,1.0,0.0,Seattle
787,6333,Solar-powered Pipe desalinates 1.5 billion gallons of drinking water a year for California,0.0,1.0,0.0,California
792,5289,President al-Assad: United States and its Western allies are to blame for failure of latest ceasefire,0.265,0.605,0.13,United States
800,5614,BREAKING : Wikileaks Reveals More Clinton “Quid Pro Quo” – Bill Meets With Saudi Prince in D.C.,0.0,1.0,0.0,DC
807,10284,The Circus of Liars - America's Three Rings of Evil Clowns,0.464,0.536,0.0,America
822,9826,Australia to hunt down anti-vax nurses and prosecute them for disobeying the medical police state,0.162,0.838,0.0,Australia
828,7175,Two More Hollywood Films For Men That Leave Today’s SJW Movies In The Dust,0.085,0.915,0.0,Hollywood
832,7829,"Saudi Arabia Re-Elected, Russia Loses UN Human Rights Council Place",0.204,0.796,0.0,Saudi Arabia; Russia
835,5522,Iraqis in Mosul Find US Missiles at Captured Islamic State Base,0.0,1.0,0.0,Mosul; US
838,7445,The Deteriorating Situation in Ethiopia,0.0,1.0,0.0,Ethiopia
841,9038,Whose Side Is Russia On In Syria?,0.0,1.0,0.0,Russia; Syria
845,9278,Trump Allows 3 Million People To Escape US,0.0,0.805,0.195,US
852,9494,Venezuela crisis enters dangerous phase as Maduro foes go militant,0.593,0.407,0.0,Venezuela
859,6066,Colorado Cannabis Industry Contributes More to Economy Than All Other Industries: Report,0.0,1.0,0.0,Colorado
862,8886,Billionaire: “Single Digit Millionaires” Are Too Poor to Get Justice In America,0.188,0.606,0.206,America
865,8235,Saudi’s threaten OPEC oil freeze over Iran row,0.265,0.612,0.122,Iran
866,7079,Tsunami Hits New Zealand After Massive 7.8 Earthquake Strikes,0.238,0.762,0.0,New Zealand
867,9296,"Is the US a banana republic? - Putin [Valdai, Part 1 of 1]",0.0,1.0,0.0,US
869,5648,"To Survive, Evolve - Russia News Now",0.0,1.0,0.0,Russia
872,9116,"TRUTH: No Apartheid in Israel, Says Black South African Politician",0.166,0.605,0.229,Israel
874,5991,"AMAZING VIDEO : Hispanics for Trump in Miami Storm the Polls, HORNS BLASTING, Shouting “USA! TRUMP!” – TruthFeed",0.0,0.769,0.231,Miami; USA
877,7339,"Iran, Finland sign 4 MoUs in Tehran",0.0,1.0,0.0,Iran; Finland; Tehran
882,6833,"Strong 5.4 Magnitude Quake Hits Central Italy, Rattles Rome",0.0,0.708,0.292,Rome
885,8215,Pakistan: Long arm of ISI needs unsheathing,0.0,1.0,0.0,Pakistan
886,9153,"Why Everyone on Facebook Is Checking into Standing Rock, North Dakota",0.0,1.0,0.0,Standing Rock; North Dakota
892,8838,Romania Points Out Flaws With U.S. Election To Encourage Citizens To Vote,0.0,0.769,0.231,Romania; US
896,10116,"Trump Tells GOP Rally In Jerusalem He’ll ‘Make Israel, U.S. Safe Again’",0.0,0.791,0.209,Jerusalem; Israel; US
897,7061,Former U.S. Treasury Secretary Just Warned Trump Could Be Assassinated,0.176,0.672,0.151,US
902,9577,TRUMPED! LIBERAL NEWS OUTLET BLOOMBERG POLL CONCEDES TRUMP BEATING CROOKED HILLARY IN FLORIDA,0.215,0.785,0.0,FLORIDA
913,8794,Poland Establishing New Territorial Defense Force to Fight ‘Russian Threat’,0.215,0.661,0.124,Poland
921,10546,Hillary Clintons election fraud finally exposed. California stolen from Bernie Sanders!,0.518,0.482,0.0,California
923,6211,"In hats and t-shirts, Trump fans rally in Jerusalem’s Old City",0.0,1.0,0.0,Jerusalem
926,8343,Lower Yields and Agropoisons: What is the Point of GM Mustard in India?,0.155,0.845,0.0,India
930,9818,Hillary Ally Offers Strategy On How To Make New York Times Write Positive Coverage,0.0,0.783,0.217,New York
941,9333,Mourning in America—A “Patriot Spring” In Europe?,0.326,0.674,0.0,America
942,5396,BREAKING: AP Finds Proof Melania Trump Illegally Worked In U.S. PRIOR To Getting Work Visa,0.0,1.0,0.0,US
944,5752,America’s Senator Jeff Sessions Warns of Worsening Pre-Election Border Anarchy,0.355,0.645,0.0,America
957,9132,SECRET RECORDINGS FUELED FBI FEUD IN CLINTON PROBE,0.255,0.745,0.0,CLINTON
962,7615,Economic Racial Disparity in North Carolina,0.0,1.0,0.0,North Carolina
965,8816,Paris Migrant Campers Increase after Calais Is Shut,0.0,0.753,0.247,Paris; Calais
968,5944,Comment on “Isolated Incident” Every Police Dept in America Failed to Meet Minimum Standard for Use of Force by Isaid Dilligaf,0.142,0.858,0.0,America
969,7919,"Report: Russian, U.S. Jets Have Close Encounter Over Syria",0.0,1.0,0.0,Syria
972,8149,Britain looking forward to bonfire night because it can’t afford to put the heating on,0.0,1.0,0.0,Britain
975,6718,"George Soros begins his color revolution in America, as MoveOn “activists” march against Trump",0.0,1.0,0.0,America
977,8470,The Amish In America Commit Their Vote To Donald Trump; Mathematically Guaranteeing Him A Presidential Victory - ABC News,0.0,0.891,0.109,America
986,6094,"Hillary Clinton’s Elections 2016 concession speech from New York (FULL, streamed live)",0.0,1.0,0.0,New York
995,5542,Russia stops shipping Soyuz space rockets to France,0.186,0.814,0.0,Russia; France
1002,10089,BARBARIANS AT THE GATE: Muslims from Morocco keep breaking into Spain,0.0,1.0,0.0,Morocco; Spain
1004,9143,Israel: Ancient Papyrus Proves Jerusalem Belongs to Israel,0.0,1.0,0.0,Israel; Jerusalem; Israel
1005,9126,American And Saudi Weapons Recoverd From ISIS Positions In Mosul,0.244,0.756,0.0,Mosul
1008,5587,Insurers use California’s assisted-suicide law to deny treatment for terminal patients,0.194,0.806,0.0,California
1011,6489,Starbucks ‘Unity’ Cup Draws Criticism - The Onion - America's Finest News Source,0.195,0.805,0.0,America
1013,6404,#BREAKING: SECOND Assassination Attempt On Trump In NV; Suspect Detained (LIVE BLOG),0.494,0.506,0.0,NV
1016,6934,America’s Streets Will Run With Blood- Mike Adams,0.0,1.0,0.0,America
1029,5948,Russia or the Neocons: Who endangers American democracy? | OffGuardian,0.0,1.0,0.0,Russia
1030,7674,Comment on How about a trip to Paris this fall? Sure looks lovely this time of year… by Miss Marple,0.065,0.688,0.247,Paris
1031,8776,The path to total Dictatorship: America’s Shadow Government and its silent coup,0.0,1.0,0.0,America
1033,7255,Russia WW3 Weapon: Nikola Tesla’s Death Ray In Vladimir Putin’s Possession?,0.404,0.596,0.0,Russia
1040,5344,Al-Qaeda's Assault on Aleppo Continues Despite Lack of Progress,0.435,0.426,0.139,Aleppo
1043,6192,Revealed: Several Ku Klux Klan Units Active in Germany,0.0,0.748,0.252,Germany
1047,9396,The announcement for Wales’ first female bishop attracted quite a crowd,0.0,0.781,0.219,Wales
1050,8633,Trump's Victory Proves US Political Class Out of Touch With Electorate: Ron Paul,0.0,1.0,0.0,US
1055,6663,"Latest Posts WikiLeaks Documents Coming From US Intelligence Not Russia, MSM & Democrat Party Dying",0.0,0.691,0.309,US; Russia
1061,8331,"Florida Voters Approve Medical Marijuana, Reject Federal Prohibition",0.278,0.722,0.0,Florida
1062,6820,Should America Pardon the National Security State?,0.0,0.515,0.485,America
1070,6295,"Like a good little sharia-compliant female, Prince Charles’ wife Camilla removes her shoes to enter a mosque in Abu Dhabi, but the Prince of Wales keeps his shoes on",0.0,0.879,0.121,Abu Dhabi
1085,8179,Does The U.S. Government Really Know Who Hacked Democrats Emails?,0.248,0.752,0.0,US
1089,9101,Most Popular Halloween Costumes Of 2016 - The Onion - America's Finest News Source,0.0,0.808,0.192,America
1100,6111,Britain No Longer a Sovereign Democracy,0.306,0.694,0.0,Britain
1101,7620,Russia Demands Explanation After US Hacks Entire Russian Infrastructure,0.0,1.0,0.0,Russia; US
1105,7646,Report: It Still Nowhere Near Okay To Act Like Donald Trump - The Onion - America's Finest News Source,0.079,0.803,0.118,America
1106,10541,"Germany: Children in one school required to chant ‘Allahu Akbar’; in another, Christian events eliminated",0.0,1.0,0.0,Germany
1109,9411,Defense Secretary: US Talking to Turkey About Future Role in Raqqa,0.0,0.87,0.13,US; Turkey; Raqqa
1118,7165,Mobilizing in Guatemala,0.0,1.0,0.0,Guatemala
1126,9162,"Artist's Impression Of ""The Clinton Machine"" - Russia News Now",0.0,0.826,0.174,Russia
1127,6406,"Political Party of Anarchists, Libertarians, Hackers, and Computer Geeks to Take Power in Iceland",0.086,0.679,0.235,Iceland
1131,7942,“Organic” Food From China Found To Be Highly Contaminated,0.0,1.0,0.0,China
1135,8638,Must Read of the Day – Dennis Kucinich’s Extraordinary Warning on D.C.’s Think Tank Warmongers,0.323,0.677,0.0,DC
1136,6265,"This Election is Not About Trump, Its about a Giant Middle Finger to Washington DC.",0.0,1.0,0.0,Washington DC
1148,6007,US Claims Four Arms Ships From Iran to Yemen Caught in Past 18 Months,0.0,1.0,0.0,US; Iran; Yemen
1150,7207,"Donald Trump to leave America for a younger, sexier country",0.118,0.882,0.0,America
1155,7720,Clinton Staff Readies EMP Launch To Disable All Nation’s Electronic Devices - The Onion - America's Finest News Source,0.0,1.0,0.0,America
1156,6050,"Team Clinton: Let’s Talk About Russia, Not the WikiLeaks Emails",0.0,1.0,0.0,Russia
1161,9475,US Engineers Prepare Bionic Device to Generate Electricity by Walking,0.0,1.0,0.0,US
1165,8764,Iraqi Army: US Hindering Advance on Mosul,0.0,1.0,0.0,US; Mosul
1166,7297,Hillary Clinton Appears Disoriented And Confused At New York Airport Day Before Presidential Election,0.286,0.714,0.0,New York
1167,7092,"James Bond wouldn’t make the grade in modern MI6, says Britain’s top spy",0.0,0.87,0.13,Britain
1170,10167,The Modern History of ‘Rigged’ US Elections,0.0,1.0,0.0,US
1177,10515,Arizona: “Poster Child” for ObamaCare’s Failures,0.375,0.625,0.0,Arizona
1180,8186,One Photo Sums Up How Differently America Treats People Of Color And The White Bundy Militiamen,0.0,1.0,0.0,America
1183,8849,Erdogan Checks in with Obama Before Bombing Syria,0.0,1.0,0.0,Syria
1184,9662,Juror 4: Oregon standoff prosecutors failed to prove ‘intent’ to impede federal workers,0.216,0.784,0.0,Oregon
1189,6215,U.S. Special Forces Join Fight For Mosul,0.226,0.348,0.426,US; Mosul
1190,8592,Canada Posts Perfect Tweet After Immigration Website Crashes,0.0,0.654,0.346,Canada
1191,9480,Saudi Arabia Should Continue to Seek New Revenue Sources - IMF,0.0,1.0,0.0,Saudi Arabia
1192,8760,‘McCarthyism’ Rides Again. And It's Again Poisoning the Foundations of a Free Society in the US - Justin Raimondo,0.158,0.705,0.137,US
1193,8155,China’s Growing Amphibious Capabilities (two-parts video report),0.0,0.779,0.221,China
1196,7026,US Airstrike Killed Five Al-Qaeda Members in Yemen on October 21 - CENTCOM,0.273,0.727,0.0,US; Yemen
1199,7578,Re: Schools All Over America Are Closing On Election Day Due To Fears Of Violence,0.347,0.653,0.0,America
1201,10147,Why Russia’s army can’t complete its modernization program,0.0,1.0,0.0,Russia
1203,5311,Black Lives Matter LOSES: America’s Respect For Police SURGES,0.229,0.453,0.317,America
1205,9644,Iran’s Zarif to hold talks with Russia’s Lavrov on Syria in Moscow,0.0,1.0,0.0,Iran; Russia; Syria; Moscow
1212,9233,"MI5 Chief Gives First Ever Interview to Press, Hypes 'Aggressive Russia' - Jason Ditz",0.11,0.89,0.0,Russia
1213,8551,Russia is Hoarding Gold at an Alarming Rate — The Next World War Will Be Fought with Currencies,0.339,0.661,0.0,Russia
1221,6063,"Janet Reno, First Female US Attorney General, Dies At 78",0.0,1.0,0.0,US
1224,8986,"HUGE Air Drill, Over 130 Command Centers in Russia, CIS on Alert",0.0,0.656,0.344,Russia; CIS
1227,9859,"Mark Crispin Miller, a professor at New York University, explains how US elections are stolen:",0.186,0.814,0.0,US
1229,8169,"Hillary Clinton Wants a Strong Russia. Wait, what did she say?",0.0,0.752,0.248,Russia
1238,8987,Russia And NATO Engage In One Of The Largest Military Build-Ups Since The Cold War,0.202,0.674,0.124,Russia
1243,8720,Russian Defence Minister in India | Russia & India Report,0.0,0.865,0.135,India; Russia; India
1244,9934,Susan Rice: U.S. Must Integrate LGBT Rights into Gov’t and Foreign Policy,0.0,1.0,0.0,US
1245,6343,Police arrest 141 in crackdown on North Dakota pipeline protesters,0.35,0.65,0.0,North Dakota
1249,9643,Russia Has Called the War Party's Bluff     :,0.358,0.642,0.0,Russia
1252,8044,Look What Students FORCED To Do After Muslims FLOOD Germany,0.293,0.707,0.0,Germany
1258,7096,Mike Pence says “shalom” to Israel’s Republicans,0.0,1.0,0.0,Israel
1262,8400,Tokyo could ban US troops from stationing on disputed isles,0.429,0.571,0.0,Tokyo; US
1263,10166,Putin being FRAMED at UN for War Crimes in Syria Explained,0.281,0.719,0.0,Syria
1271,5855,Dakota Pipeline Protests Are Working! One Bank May Pull Funding of Pipeline Build,0.154,0.846,0.0,Dakota
1273,9194,"After terrorizing America with Zika scaremongering, Washington Post now admits Zika virus doesn’t cause brain deformities after all",0.18,0.721,0.099,America
1274,8753,Why NATO is put on war footing against Russia,0.328,0.672,0.0,Russia
1279,8274,"'Russia has no intention of attacking anyone -this is absurd,' says Vladimir Putin",0.321,0.679,0.0,Russia
1280,6906,Iceland Election: Pirate Party prepares for major win [VIDEO],0.0,0.508,0.492,Iceland
1281,10492,TOP BRITISH GENERAL WARNS OF NUCLEAR WAR WITH RUSSIA; “THE END OF LIFE AS WE KNOW IT”,0.251,0.664,0.085,RUSSIA
1282,5475,U.S. calls for special Intermediate-range Nuclear Forces talks - Russia accepts,0.0,0.643,0.357,US; Russia
1283,5483,Low-Cost Wind Turbine to Power an Entire House for a Lifetime Starts Selling in India,0.0,1.0,0.0,India
1296,9979,The Modern History of ‘Rigged’ US Election,0.0,1.0,0.0,US
1297,8455,"Hillary Clinton’s $500,000 Bribe to the FBI Came Through Virginia – CONFIRMED!",0.16,0.84,0.0,Virginia
1299,8182,Assad Aide: US May ‘Navigate & Direct’ ISIS From Mosul Into Syria,0.0,1.0,0.0,US; Mosul; Syria
1300,10323,BREAKING: Since Donald Trump Won The Presidency Ford Shifts Truck Production From Mexico To Ohio,0.0,0.791,0.209,Mexico; Ohio
1302,9857,Aid Agencies in Iraq Brace for Exodus as Civilians Flee Mosul,0.0,1.0,0.0,Iraq; Mosul
1304,7032,Meet the journalist facing 45 years in jail for filming the tar sands pipeline protest in North Dakota,0.105,0.895,0.0,North Dakota
1305,5554,UK Involvement in US’ Secret Drone War Revealed,0.358,0.642,0.0,UK; US
1315,8915,US Abstains From UN Vote Against Cuba Embargo,0.0,1.0,0.0,US; Cuba
1317,5631,Post-Maidan Ukraine Has Become a Full Fledged Totalitarian State - Volodymyr Chemerys,0.22,0.78,0.0,Ukraine
1326,8739,Syria conflict: Food rations run out in rebel-held Aleppo,0.223,0.777,0.0,Syria; Aleppo
1328,6264,780 Palestinian homes razed in occupied W Bank's Area C in 2016,0.0,1.0,0.0,W Banks
1329,6359,"‘UFO’ Spotted Over Vienna, Frightened Onlookers Call Police",0.293,0.707,0.0,Vienna
1333,7315,Russia Warns US Is Now A Colour Revolution “Active Zone” Due To Trump Victory,0.097,0.903,0.0,Russia; US
1334,8383,Heroic Prego Advertisement Replaces Refreshed Webpage’s Presidential Campaign Banner - The Onion - America's Finest News Source,0.0,0.816,0.184,America
1336,8683,A Tear in the Fabric of America’s Political Theater,0.0,1.0,0.0,America
1337,9103,Michelle Malkin SCHOOLED The Idiots On ‘The View’ On Obama’s LIES To America. They’re SPEECHLESS!,0.215,0.785,0.0,America
1341,7501,Kashmiris observes Black Day decades after India occupied Kashmir,0.0,1.0,0.0,India
1342,9061,Trump Supporters in Philadelphia Paint Nazi Propaganda on Election Night,0.155,0.62,0.225,Philadelphia
1345,9892,Lavrov Schools European Diplomats in Logic Using Examples of Yemen and Ukraine,0.0,1.0,0.0,Yemen; Ukraine
1346,8591,Hillary Clinton Sells 20% of US Uranium To Russia WTF ?,0.312,0.688,0.0,US; Russia
1365,8346,Assange tells the sordid truth about the US elections,0.0,0.777,0.223,US
1376,9388,Doctors Restore Ken Burns’ Full-Color Vision After Removing Massive Tumor From Filmmaker’s Visual Cortex - The Onion - America's Finest News Source,0.101,0.736,0.163,America
1393,8721,"“National Mood” Focus Group Reflects Angry, Divided America",0.32,0.68,0.0,America
1395,8173,PAY TO PLAY : Hillary’s Two Big Favors For Morocco Netted Her $28 Million – TruthFeed,0.105,0.641,0.253,Morocco
1396,7465,Vermont deer attempt to flee to Canada after election results roll in.,0.0,1.0,0.0,Vermont; Canada
1399,7930,US Government Acknowledges That al-Qaeda Is Not A Priority In Syria,0.0,1.0,0.0,US; Syria
1400,5371,Trader Joe’s Fires Employee For Non-Genuine Smile - The Onion - America's Finest News Source,0.0,0.848,0.152,America
1402,8028,Japan’s Lost Black Hole Satellite Took This LAST Photo. Proves Something MIND-BOGGLING!,0.191,0.809,0.0,Japan
1403,7028,Obama's UN Ambassador: Cuba is Right About Our Human Rights,0.0,1.0,0.0,Cuba
1408,7706,"Emma Watson Urges US Women to Consider Gender Equality Nov 8, Gets Massive Wake-Up Call on Facebook",0.0,1.0,0.0,US
1422,5486,Guess Who Ordered Hillary To Leave Our Men To Die In Benghazi,0.338,0.662,0.0,Benghazi
1428,6532,Nevada: Rep. Election Workers Intimidated,0.42,0.58,0.0,Nevada
1430,10216,End of the World? Italy Devastated By Series of Major Earthquakes,0.286,0.714,0.0,Italy
1434,9607,Moscow downplays Spain’s refusal to let Russian warship refuel in Ceuta,0.145,0.855,0.0,Moscow; Spain; Ceuta
1436,6733,"The Comey Confrontation: In Our New Third-World America, Corruption Is A Feature, Not A Bug",0.141,0.859,0.0,America
1454,10343,What Is Behind The Push For War With Russia?,0.328,0.672,0.0,Russia
1455,8777,Israel snubs UNESCO’s Temple Mount resolution with ancient Jerusalem papyrus,0.256,0.744,0.0,Israel; Jerusalem
1461,7357,75% of Americans Think Biased U.S. Media – Not Foreign Interests Such As Russian Hackers – Real Threat To Fair Election - Russia News Now,0.237,0.688,0.075,US
1462,7545,Mudslide on major highway in Colombia kills at least 6,0.28,0.72,0.0,Colombia
1464,8352,US General: Warplanes Will Kill Fleeing ISIS Fighters Around Mosul,0.424,0.576,0.0,US; Mosul
1472,8276,"Iraq and US confident to retake Mosul, Daesh can't 'conduct full-fledged military action'",0.0,0.789,0.211,Iraq; US; Mosul
1482,5292,US-backed Forces Launch Raqqa Offensive as Terror Fears Grow in Europe,0.535,0.465,0.0,US; Raqqa
1486,5359,Purely Coincidental or the Path to a Stolen Election? Voters Report ‘Irregularities’ with Voting Machines Across the US,0.158,0.842,0.0,US
1495,8109,"Police: Oklahoma Double Murder Suspect Has Hit List, May Be Headed to Nevada",0.385,0.615,0.0,Oklahoma; Nevada
1500,7988,"Peaceful, sincerely, with grace: Paris attacks commemorated with floating lanterns",0.161,0.333,0.506,Paris
1505,5507,Anthony Weiner Sends Apology Sext To Entire Clinton Campaign - The Onion - America's Finest News Source,0.0,0.93,0.07,America
1515,8953,GERMAN INTERIOR MINISTER demands that Italy send all new illegal alien Muslim invaders back to Africa,0.194,0.806,0.0,Italy
1527,7668,"No, Mexico Doesn’t Have A Wall On Its Southern Border—But If Trump Wins It Might Build One",0.0,0.812,0.188,Mexico
1543,6645,PUTIN’S LATEST ATTACK AGAINST HILLARY CLINTON AND THE U.S ESTABLISHMENT,0.256,0.744,0.0,US
1544,10514,"Texas Republican Calls Hillary The WORST Word You Could Ever Call A Woman, Blames Staffer (IMAGES)",0.35,0.65,0.0,Texas
1545,10149,"Texas County Enacts ""Emergency Paper Ballots"" After ""Software Glitch"" In Voting Machines",0.191,0.809,0.0,Texas County
1546,5883,Iraqi Soldier Battling in Mosul Reunited with His Family After Two Years of Estrangement,0.139,0.861,0.0,Mosul
1550,8829,BREAKING: Muslim shot dead after trying to KILL GUARD at US EMBASSY in Kenya,0.448,0.552,0.0,US; Kenya
1553,5730,ISIS Executes 300 Iraqi Civilians by Firing Squad North of Mosul,0.194,0.806,0.0,Mosul
1565,9500,United We Grand - The Onion - America's Finest News Source,0.0,0.608,0.392,America
1572,9893,VA Hospital Honors Decorated Veteran of Three Wars with Free Side of Mashed Potatoes | GomerBlog,0.155,0.56,0.284,VA
1575,7211,"“We are losing control of the streets,” say police as Angela Merkel’s Germany descends into chaos and lawlessness",0.283,0.717,0.0,Germany
1577,6280,"Because of Hillary Clinton, Emergency-Contraception Is Banned In Honduras",0.273,0.727,0.0,Honduras
1578,6252,North Dakota had 292 oil spills in 2 years officially disclosed 1 to the public,0.0,1.0,0.0,North Dakota
1581,5934,Yemeni forces fire ballistic missile at Saudi Arabia’s Jeddah airport,0.211,0.789,0.0,Saudi Arabia’s; Jeddah
1591,7153,"NATO, Russia To Hold Parallel Exercises In Balkans",0.0,1.0,0.0,Russia
1592,9875,October Surprise: ABC Uncovers “Millions” of Payments From Russia To Trump,0.0,0.826,0.174,Russia
1594,9884,Contaminated food from China now entering the U.S. under the 'organic' label,0.0,1.0,0.0,China; US
1603,6927,RED ALERT: China officially orders its citizens to prepare for WW3 as tensions with the United States boil over,0.111,0.655,0.235,China; the United States
1606,8708,France Plans to Implement Universal Biometric IDs,0.0,1.0,0.0,France
1608,9628,Israel preparing for one-sided UN Security Council resolutions,0.0,0.745,0.255,Israel
1610,7605,"Comment on India Moves to Severely Restrict Use of Cash, Forcing Much of Economy Into Barter by Bugs Bunny",0.248,0.752,0.0,India
1611,8051,Migrants FLOOD Into U.S. From Mexico Right Before Election,0.0,1.0,0.0,US; Mexico
1616,7467,The USA Era (1945 - 2008) in Retrospect,0.0,1.0,0.0,USA
1617,5822,Russia Warns US In Total Breakdown After FBI Notifies Obama All Hillary Emails Found,0.097,0.903,0.0,Russia; US
1622,9755,US Spy Chief: Asking North Korea To Stop Nuke Program a ‘Lost Cause’,0.155,0.845,0.0,US; North Korea
1624,5905,Putin Mocks Clinton Claim Of Russia Election Meddling: ‘Is U.S. A Banana Republic?’,0.2,0.8,0.0,Russia
1628,6657,"Israel settlements legal, Trump aide says, playing anti-Iran video message on Mount Zion",0.0,0.769,0.231,Israel
1629,10268,Is Obama preparing a parting shot on Israel? This President must not bind the next,0.0,1.0,0.0,Israel
1632,6788,"Wolf Richter: Done in by Overcapacity, Stagnant World Trade, and China, Korean Shipbuilders Collapse on Top of Taxpayers",0.152,0.762,0.086,China
1637,8360,Why Are Russia and China Buying Up All of America’s Food? Paul Martin and Dave Hodges,0.0,1.0,0.0,Russia; China; America
1638,5624,US Votes 'No' As UN Adopts Landmark Resolution Calling to Ban Nuclear Weapons,0.351,0.486,0.162,US
1647,5807,Top EU Official Disputes That Trump Could Upend Iran Nuclear Deal,0.163,0.698,0.14,Iran
1648,8669,Another 4.6-Magnitude Tremor Hits Central Italy After Two Earthquakes,0.0,1.0,0.0,Italy
1649,5774,Comment on Unprecedented letter from Chair of Joint Chiefs suggests U.S. military does not want a President Hillary by joworth,0.06,0.94,0.0,US
1650,7883,Israel Tracked ‘Anti-Government’ Journalists On Facebook,0.0,1.0,0.0,Israel
1654,9891,How To Talk To Your Child About Death - The Onion - America's Finest News Source,0.206,0.794,0.0,America
1656,9958,BREAKING: U.S. And Russian Jets Almost Collide Over Syria,0.112,0.888,0.0,US; Syria
1657,9746,Crossing the Acheron: Back to Vietnam,0.0,1.0,0.0,Vietnam
1658,8834,“America has lost” in the Philippines,0.0,1.0,0.0,America; Philippines
1663,10020,Bombshell: 2006 audio of Hillary Clinton proposing rigging Palestine election,0.0,1.0,0.0,Palestine
1664,5452,Chinese Immigrants Demand Protection from Paris Muggers,0.2,0.8,0.0,Paris
1666,6260,NYC Democratic Election Commissioner: “They Bus People Around to Vote”,0.0,1.0,0.0,NYC
1669,9688,New Heavy-Duty Voting Machine Allows Americans To Take Out Frustration On It Before Casting Ballot - The Onion - America's Finest News Source,0.124,0.876,0.0,America
1670,5646,Hillary admits creation of Mujahedin plague,0.0,0.482,0.518,Mujahedin
1671,6542,Russia prevented Spain from diplomatical conflict denying its proposal,0.398,0.508,0.093,Russia; Spain
1674,5543,DAPL Protesters Proven Right as Largest Gas Pipeline in U.S. Experiences Massive and Deadly Explosion,0.119,0.881,0.0,US
1675,8707,US Insiders  Not Russia  Leaked Clinton Emails,0.0,0.803,0.197,US
1676,5999,Iraq ‘Ready For War’ With Turkey Over Who Should Control Mosul After Isis,0.0,1.0,0.0,Iraq; Turkey; Mosul
1679,6019,"Uber Drivers Found To Discriminate By Gender, Race - The Onion - America's Finest News Source",0.0,1.0,0.0,America
1687,6230,JOHNSON & JOHNSON ORDERED TO PAY $70 MILLION TO CALIFORNIA WOMAN FOR CANCER-LINKED BABY POWDER,0.132,0.868,0.0,CALIFORNIA
1691,5662,Coalition Nations Seek to Put North Korea in a Vise,0.0,1.0,0.0,North Korea
1700,9488,Can U.S. Elections Really Be Stolen? Yes      : Information Clearing House - ICH,0.199,0.631,0.17,US
1702,9719,Alien Insects Capture In UK,0.0,1.0,0.0,UK
1704,9600,Chinese may become Russia’s second largest ethnic population by 2050 | Russia & India Report,0.0,1.0,0.0,Russia; Russia
1711,10409,Why Has Putin Pointed Russia's SATAN Nukes at the US? | Silver Doctors,0.0,1.0,0.0,Russia; US
1714,9213,Can Trump Save America Like Putin Saved Russia? — The Saker,0.0,0.485,0.515,America; Russia
1718,8718,"Exchange of equipment, arms & experience: Large-scale joint NATO drills held in Romania",0.0,1.0,0.0,Romania
1722,9955,Putin Warns “US Has Pushed Russia Back Into Nuclear Arms Race”,0.123,0.877,0.0,US; Russia
1723,6631,Israel Refuses Participation In Paris Peace Conference,0.0,0.632,0.368,Israel; Paris
1724,8277,‘Like Asking if You’ll Stop Beating Your Wife’: Saudi Ambassador to US Dodges Yemen Cluster Bomb Question - American Herald Tribune,0.318,0.682,0.0,US; Yemen
1734,5765,Re: It Is Now Mathematically Impossible To Pay Off The U.S. National Debt,0.262,0.738,0.0,US
1751,8014,How U.S. Schools Can Improve Math Education - The Onion - America's Finest News Source,0.0,0.828,0.172,US; America
1753,10287,"Police Department Is Being Evicted – Lafayette, CA",0.0,1.0,0.0,Lafayette; CA
1766,10006,US-led coalition killed 300 Syrian civilians in 11 probed strikes – Amnesty,0.412,0.588,0.0,US
1767,9985,Half Of Russians Fear Syria Could Spark WW3,0.288,0.541,0.171,Syria
1772,10452,US Election an elaborate John Lewis Christmas campaign. More soon.,0.0,1.0,0.0,US
1774,5676,Russia's 'White Book' on Syria shakes up UN Security Council,0.0,0.789,0.211,Russia; Syria
1777,6322,US-Korean Relations and the New US President | New Eastern Outlook,0.0,1.0,0.0,US
1779,7845,"With 95% of Votes In, All Signs Point to a Trump Victory in Florida",0.0,1.0,0.0,Florida
1788,7495,PressTV-Brazil football legend Carlos Alberto laid to rest,0.0,1.0,0.0,Brazil
1790,9916,The United States Is Pre-Positioning “Enemy Assets” In Preparation For A Rigged Election,0.153,0.675,0.172,The United States
1793,8381,Comment on Man of Sin: Obama says illegal aliens can vote because they are U.S. citizens by Christian Zionist,0.298,0.702,0.0,US
1794,7369,The Most Unhealthy Jobs in America,0.425,0.575,0.0,America
1795,7528,Close call: Russia-U.S. ‘near-miss’ problem moves to Syrian air space,0.231,0.769,0.0,Russia
1796,6764,Washington’s Intent is Economic Destabilization and “Regime Change” In Venezuela,0.0,1.0,0.0,Washington; Venezuela
1798,5368,America gives Grand Piano to horse,0.0,0.625,0.375,America
1801,6321,Queen Elizabeth II owns every dolphin in Britain and doesn't need a driving licence and doesn't pay tax — here are the incredible powers you didn't know the monarchy has,0.0,0.957,0.043,Britain
1805,9446,Re: America Is The Loneliest Country In The World – Is It Because We’ve Abandoned The Traditional Family Structure?,0.274,0.726,0.0,America
1806,7497,"Syrian War Report – November 9, 2016: Russian Navy Is Ready to Strike Terrorists in Aleppo",0.396,0.5,0.104,Aleppo
1811,9632,Steve Pieczenik: U.S. Intelligence Waging Coup Against Corrupt Clintons » REGATED,0.0,0.763,0.237,US
1814,9157,Trump VP’s plane slides off runway at New York airport,0.0,1.0,0.0,New York
1815,6392,UK Child Protection Services workers are ‘afraid’ to challenge the ages of Muslim invaders for fear of ending up in court,0.136,0.809,0.055,UK
1835,8441,Re: America Has Become A Lawless Nation – Hillary Clinton Magically Cleared By The FBI,0.0,0.909,0.091,America
1836,8184,HILLARY PROMISES END TO VIOLENCE THROUGH CIVILIAN DISARMAMENT,0.323,0.472,0.205,HILLARY
1838,9018,"60 Civilians Killed, 200 Injured As US-Led Airstrikes Hit a School In Iraq",0.396,0.604,0.0,US; Iraq
1844,7980,More Reports Of Votes Flipping From Trump To Clinton In Texas ….election Officials Dismiss Concerns… An Ongoing Cbs4 Voter Fraud Investigation Finds People Voting Twice,0.137,0.863,0.0,Texas
1846,9371,Fascism In India - CounterCurrents.org,0.0,1.0,0.0,India
1849,5975,'HACKING DEMOCRACY' CREATOR JUST EXPOSED HOW HILLARY HAS ALREADY RIGGED '99% of VOTING MACHINES'! -,0.299,0.701,0.0,HILLARY
1852,6604,US Military on Ground in Syria Training Opposition for Raqqa Operation,0.0,1.0,0.0,US; Syria; Raqqa
1853,6386,The Orlando Shooter’s 911 Calls Were Finally Released — and They’re Very Telling,0.0,1.0,0.0,Orlando
1866,7112,Vladimir Putin: The United States continues to sleep with al-Nusra,0.0,0.763,0.237,The United States
1872,10078,Iceland’s Pirate Party Makes Strong Showing in New Election,0.0,0.538,0.462,Iceland
1873,9642,US Secret Service Struggles To Find Recruits Who Haven’t Used Adderall,0.2,0.8,0.0,US
1890,5423,Khodorkovsky: Putin is not going to cozy up to Washington,0.0,1.0,0.0,Washington
1898,5789,Theresa May refuses to withdraw support for Saudi Arabia,0.0,0.748,0.252,Saudi Arabia
1900,6363,Canada and EU sign ‘thoroughly undemocratic’ CETA trade deal,0.0,1.0,0.0,Canada; EU
1903,5446,The India-Russia Alliance Isn't Going Anywhere Because It's Underpinned by Values as Well as Interests - Nabarun Roy,0.0,0.688,0.312,India
1904,9931,Is Robert Mugabe on his deathbed? UK planning for transition phase in Zimbabwe,0.0,1.0,0.0,UK; Zimbabwe
1906,6349,"Russia Extends Aleppo Ceasefire Through Friday, Urges Rebels to Leave",0.261,0.609,0.13,Russia; Aleppo
1909,9312,Ukraine just officially declared itself an illegitimate state up for grabs,0.0,1.0,0.0,Ukraine
1914,9782,Comment on Censored News: Black woman kills 12 y.o. white boy with blow torch by TNB – PA,0.242,0.758,0.0,PA
1925,5290,"BRINK OF WAR: UK sends TANKS, DRONES and 800 SOLDIERS to Russian border as tensions grow",0.344,0.656,0.0,UK
1929,9399,THE RIG IS IN: CROOKED HILLARY’S CROOKED VOTING MACHINES,0.158,0.842,0.0,HILLARY
1935,9363,Will Trump's presidency change the way America views Russia?,0.0,1.0,0.0,America; Russia
1940,7002,BREAKING : After Embarrassingly Low Turnout at Ohio Rally Tim Kaine Cancels Florida Rally – TruthFeed,0.34,0.66,0.0,Ohio; Florida
1947,8890,Russia’s Most Potent Weapon: Rapidly “Hoarding Gold” As Global Currency War Is Upon Us,0.347,0.653,0.0,Russia
1948,7446,Police arrest 141 in crackdown on North Dakota pipeline protesters,0.35,0.65,0.0,North Dakota
1949,9596,Russia plans to test elements of new nuclear engine on ISS,0.0,1.0,0.0,Russia
1952,7574,"DEAD MUSLIMS SOCIETY will sue to force small Massachusetts town to allocate space for 16,000 dead Muslims",0.384,0.616,0.0,Massachusetts
1954,8783,Christian Pastor Jailed by Iran Reveals STUNNING Truth About Trump,0.202,0.442,0.356,Iran
1956,10156,Russia to test new anti-tank guided missiles in Syria,0.0,1.0,0.0,Russia; Syria
1976,9752,Russia suggests joint engineering troops’ drills with India,0.0,1.0,0.0,Russia; India
1978,6161,Trump: Israel is a ray of hope to the world,0.0,0.756,0.244,Israel
1982,8170,IOWA FARMER CLAIMS BILL CLINTON HAD SEX WITH COW DURING ‘COCAINE PARTY’,0.0,1.0,0.0,IOWA
1985,5837,"Comment on After Sweeping Election, First Thing Trump Invites Netanyahu to U.S. for Meeting by Debbie Menon",0.0,1.0,0.0,US
1992,8430,Hillary’s Crime Family: End Of Days For The U.S.A.,0.304,0.696,0.0,USA
2005,6855,Good News! First Sanctuary For Abused Circus Elephants Opens In Brazil,0.232,0.581,0.187,Brazil
2006,8128,The Dream Team Of Hillary Clinton and Michelle Obama Fire Democrats Up In North Carolina,0.138,0.747,0.115,North Carolina
2008,6388,War on the Streets of Paris: Armed Migrants Fight Running Battles in the French Capital,0.431,0.569,0.0,Paris
2011,8901,Dennis Kucinich’s Extraordinary Warning on D.C.’s Think Tank Warmongers,0.47,0.53,0.0,DC
2015,5618,Iranians had every right to take over US embassy | Veterans Today,0.0,1.0,0.0,US
2019,10308,Explosive Assange/Pilger Interview on US Election: Expect Riots if Hillary Wins,0.206,0.562,0.231,US
2022,10210,"After terrorizing America with Zika scaremongering, Washington Post now admits Zika virus doesn’t cause brain deformities after all",0.18,0.721,0.099,America
2025,8117,Russia celebrates a Unity Day of liberation of Moscow from the Polish Roman Papists army in 1612,0.0,0.812,0.188,Russia; Moscow
2029,6412,A Measure of Fascism in America,0.0,1.0,0.0,America
2032,6885,Berkeley Protesters Demanding Segregation Force White Students to Cross Creek in Woods to Go to Class,0.213,0.787,0.0,Berkeley
2033,5478,Europe or Russia: Could Moldova's presidential election determine its future?,0.0,1.0,0.0,Russia; Moldova
2045,7611,Project Veritas: Money from Belize | Opinion - Conservative,0.0,1.0,0.0,Belize
2049,8619,Iraqis in Mosul Find US Missiles at Captured Islamic State Base,0.0,1.0,0.0,Mosul; US
2051,7129,Number of the week: How long until Russia can end its oil dependence?,0.0,0.902,0.098,Russia
2059,7977,Oregon standoff defendants acquitted; feds literally Tase Ammon Bundy’s lawyer at courthouse,0.0,0.846,0.154,Oregon
2064,9543,ISIS Uses 600 Suicide Dogs to Restrain Iraqi Army’s Advance in Mosul,0.29,0.71,0.0,Mosul
2067,5599,Top US General Pleads With Troops Not To Revolt Over 2016 (VIDEO),0.0,0.859,0.141,US
2069,6137,PressTV-Yemen’s Hudaydah suffering from dire humanitarian situation,0.55,0.45,0.0,Yemen; Hudaydah
2070,6259,Tech” Malaise Pricks San Francisco Office Space Bubble,0.213,0.787,0.0,San Francisco
2073,6962,Vermont fights the opioid epidemic by limiting prescribed painkillers,0.252,0.748,0.0,Vermont
2078,5769,27 Civilians Killed in Saudi Airstrikes Against Yemen Villages,0.36,0.64,0.0,Yemen
2080,8166,"Politicians, NATO Officials Furious as Spain Plans to Refuel Russian Battle Group - Tyler Durden",0.326,0.674,0.0,Spain
2084,6595,"Muslims Are Kidnapping White Girls And Forcing Them Into Sex Slavery, Says UK Children's Charity",0.233,0.631,0.136,UK
2085,6767,‘Arab Spring’ and the Washington-Brussels-Riyadh Axis,0.0,1.0,0.0,Washington
2087,5874,Preventing cultural genocide with the Mother Tongue policy in Eritrea,0.109,0.891,0.0,Eritrea
2088,6249,London Bankers Fearful of Brexit Blowback,0.39,0.61,0.0,London
2091,5514,The man behind the Trump rally disturbance in Reno,0.245,0.755,0.0,Reno
2100,7427,Will China Trigger the Next Global Recession?,0.318,0.682,0.0,China
2101,7566,Veterans help veterans cope with PTSD through decorated Marine’s New York-based nonprofit Headstrong Project,0.0,0.828,0.172,New York
2102,5397,US Officials Try to Scare Voters With Terror Threat,0.625,0.375,0.0,US
2111,9142,US/Russian Relations Sour Further As Putin Refuses To Open Snapchat From Obama,0.0,1.0,0.0,US
2117,9370,4 Times As Many Americans Think Biased U.S. Media – Not Foreign Interests Such As Russian Hackers – Real Threat To Fair Election,0.254,0.666,0.081,US
2127,5879,Comment on Due Process is Dead: A Staggering 95% of All Inmates in America Have Never Received a Trial by Raymond Karczewski,0.17,0.83,0.0,America
2128,6508,Schools All Over America Are Closing On Election Day Due To Fears Of Violence,0.365,0.635,0.0,America
2139,6470,Russian experts collecting evidence of anti-govt chemical attack in Aleppo – Defense Ministry,0.199,0.705,0.096,Aleppo
2140,6523,The Path to Total Dictatorship: America's Shadow Government and Its Silent Coup,0.0,1.0,0.0,America
2142,8318,CrossTalk on US election: Criminal in Chief?,0.362,0.638,0.0,US
2148,8377,3 Philadelphia prison guards arrested for alleged assault on handcuffed inmate,0.56,0.44,0.0,Philadelphia
2150,9214,"New earthquake rocks Italy, buildings collapse but no deaths reported",0.38,0.62,0.0,Italy
2152,8512,"NATO builds up offensive capability on borders of Russia & Belarus, Moscow to respond",0.188,0.812,0.0,Russia; Belarus; Moscow
2154,6530,Syria - Waiting For The Next Moves       :,0.0,1.0,0.0,Syria
2155,7893,BREAKING: Massive Voter Fraud in Broward County Florida Linked To Ex-DNC Chairwoman Debbie Wasserman Schultz – MagaFeed,0.192,0.808,0.0,Broward County; Florida
2156,8388,Can any U.S. President Ever Overcome the Power of the Establishment and Bring Substantive Change to America?,0.0,1.0,0.0,US; America
2157,5642,Save the Children Norway trialed anti-malaria drug Larium in Mozambique—1993–1994,0.0,0.738,0.262,Norway
2159,7066,Russians deride choice of confusing 2018 World Cup mascot Zabivaka | Russia Beyond The Headlines,0.235,0.765,0.0,Russia
2164,5866,Pakistan police detain dozens of Imran Khan's supporters in Islamabad,0.204,0.584,0.212,Pakistan; Islamabad
2167,5811,"Feds: 275,000 Born to Illegals in One Year, Would Fill City the Size of Orlando",0.0,1.0,0.0,Orlando
2168,7973,Look At What Is Unfolding In China And Other Key Regions Right Now,0.0,1.0,0.0,China
2177,6075,"The Shame, The Heartbreak- Another Day In America",0.531,0.469,0.0,America
2183,9990,UNESCO passes anti-Israel resolution despite Tel Aviv brickbats,0.0,1.0,0.0,Tel Aviv
2184,8480,Debate: Washington's Syria policy,0.0,1.0,0.0,Washington; Syria
2186,9182,What it’s really like to be in the middle of the battle for Aleppo,0.149,0.69,0.161,Aleppo
2191,9172,Russia and Turkey Now Sharing Intelligence Data,0.0,0.459,0.541,Russia; Turkey
2194,10397,Miss Russia | Russia & India Report,0.211,0.789,0.0,Russia; India
2199,7094,US election campaign reveals mass alienation from two-party system,0.208,0.792,0.0,US
2203,8642,JUDGMENT DAY: The One Reason Why Every Christian And Jew In America Should Vote For Donald Trump,0.0,1.0,0.0,America
2205,7982,Baba Vanga Was Right About Obama's Presidency And The 9/11 Attacks Sees Dire Future For Trump And The US,0.258,0.742,0.0,US
2206,6894,"Voters in Arkansas, North Dakota Legalize Medical Marijuana Despite Federal Prohibition",0.0,1.0,0.0,Arkansas; North Dakota
2214,10519,TRUMP SUPPORTER Whose Brutal Beating By Black Mob Was Caught On Video Asks: “What Happened To America?” [VIDEO],0.285,0.602,0.114,America
2215,7865,Kurds decide to get on US nerves,0.189,0.811,0.0,US
2220,5400,Louisiana Election Officials Seize Voting Machine Illegally Placed In Private Room For ‘VIP Voters’ (VIDEO),0.0,1.0,0.0,Louisiana
2221,8705,"part 38 “Impossible” statues, “Impossible” ancient jewellery, Moscow nuked, “Impossible” steel [VIDEO]",0.0,1.0,0.0,Moscow
2224,7703,Globalist Soros Pours Money Into Manipulating U.S. Elections,0.263,0.737,0.0,US
2226,7148,I thought I was just scared of Trump – but it’s his America I fear,0.325,0.675,0.0,America
2228,7522,Former Clinton Foundation CEO begging Russia for ‘urgent and immediate’ asylum?,0.0,1.0,0.0,Russia
2229,5491,Disaffected America strikes back,0.455,0.545,0.0,America
2236,10398,Koch Brothers Battle to Prevent Dark Money Disclosure in South Dakota,0.205,0.709,0.087,South Dakota
2239,10242,SC Gov. Nikki Haley Announces She’s Voting For Donald Trump,0.0,1.0,0.0,SC
2245,7999,Tired of Western Propaganda Against Russia? Here's Vladimir Putin’s Perspective,0.38,0.62,0.0,Russia
2247,9128,Paper Tiger ISIS Digs Into Mosul,0.0,1.0,0.0,Mosul
2255,10536,Statistical Propaganda: How many Syrians has US regime-change killed?,0.481,0.519,0.0,US
2256,5341,France’s Far-Right National Front Seeks Funding From United Arab Emirates,0.0,0.763,0.237,France; United Arab Emirates
2261,6704,Since Donald Trump Won The Presidency… Ford Shifts Truck Production From Mexico To Ohio | EndingFed News Network,0.0,0.821,0.179,Mexico; Ohio
2266,6371,The Hodges & Hagmann Hour- America’s Last Chance to Survive,0.0,0.818,0.182,America
2269,5936,Devastating aftermath of twin quakes in Italy (drone footage),0.35,0.65,0.0,Italy
2272,8939,2006 Audio Captures Hillary Clinton Proposing To Rig Palestine Election,0.143,0.857,0.0,Palestine
2273,9457,UK citizens and war heroes get cheap pre-fab houses while Muslim colonizers get taxpayer-funded luxurious council homes,0.176,0.676,0.149,UK
2274,5734,Ammon Bundy’s bodyguard sentenced in Oregon standoff case,0.136,0.864,0.0,Oregon
2275,7319,Why Palestinians want to sue Britain: 99 years since the Balfour Declaration,0.0,0.894,0.106,Britain
2276,8006,Will Rasmea Odeh’s Appeal Expose Israeli Prison Torture In A US Court?,0.494,0.506,0.0,US
2279,7909,New Reports Link Russia With Donald Trump’s Campaign,0.0,1.0,0.0,Russia
2281,7419,"‘Intl Community Still Financing, Protecting Terrorists’ – Mother Agnes, Vanessa Beeley on Syria",0.0,1.0,0.0,Syria
2284,8774,Hillary’s Silent Plan to Destroy America,0.412,0.588,0.0,America
2289,7181,Whatever the Outcome on November 8th the US Will Be on a Collision Course With China - Federico Pieraccini,0.122,0.878,0.0,US; China
2290,6164,Is it possible that Saudi King be tried in US courts by JASTA Law?,0.0,1.0,0.0,US
2293,7246,15 Civilians Killed In Single US Airstrike Have Been Identified,0.333,0.667,0.0,US
2295,10071,Another Black Swan Hits the U.S. Presidential Election,0.0,1.0,0.0,US
2303,5980,The Political and Cultural Richness of Kashmiriyat,0.0,0.652,0.348,Kashmiriyat
2308,6488,U.S. Election Thread 2016-06,0.0,1.0,0.0,US
2311,6417,Isis Leader ‘hiding in Mosul’ as Troops Storm Iraqi City,0.0,1.0,0.0,Mosul
2314,7220,Israel: Ancient Papyrus Proves Jerusalem Belongs To Israel,0.0,1.0,0.0,Israel; Jerusalem; Israel
2316,10528,"Jerusalem in Photos from 1862: No mosques, no Palestinians – only ghost towns of massacred Christian areas",0.221,0.687,0.093,Jerusalem
2326,7183,A Greek Donbass? Cyprus between Russia and NATO,0.0,1.0,0.0,Donbass; Cyprus; Russia
2339,5707,BLM To Lease Ohio’s Only National Forest To Fracking Interests,0.0,0.797,0.203,Ohio
2344,6832,Podesta Brothers Kidnapped a 3yo British Girl in Portugal - Wikileaks,0.0,1.0,0.0,Portugal
2348,7413,Finland Will Become the First Country in the World to Get Rid of All School Subjects,0.0,1.0,0.0,Finland
2349,7910,Re: Why Are So Many People Choosing To Leave The United States Permanently?,0.08,0.733,0.187,The United States
2357,8302,Weed legalised in America because they f**king need it,0.0,1.0,0.0,America
2360,6690,Iraq bans alcohol,0.0,1.0,0.0,Iraq
2367,5499,Secrets of the US Election: Assange Talks to Pilger,0.0,1.0,0.0,US
2370,9341,Lesser-Known Celebrity Contract Riders - The Onion - America's Finest News Source,0.0,1.0,0.0,America
2373,7288,Clinton policy on Syria would lead to WW III: Trump,0.0,1.0,0.0,Syria
2375,10545,Nuclear Reactor in Norway Leaks Radioactive Iodine,0.0,1.0,0.0,Norway
2381,7856,Trump Panics As 28% of Florida GOP Early Votes go to HILLARY (VIDEO),0.195,0.805,0.0,Florida; HILLARY
2383,8996,"US, Japan Push to Fortify Alliances Amid Threat Posed by North Korea",0.236,0.764,0.0,US; Japan; North Korea
2386,7422,Trump Melts Down And Accuses The US Postal Service Of Stealing The Election For Clinton,0.319,0.681,0.0,US
2389,6142,BREAKING: Trump VP Plane Slides Off Runway at LaGuardia Airport in NYC!,0.0,1.0,0.0,NYC
2399,6150,"Lights, Camera, Propaganda! Washington's Anti-Russia Campaign Invades Hollywood - Danielle Ryan",0.186,0.814,0.0,Washington; Hollywood
2400,8087,US Calls On Saudi Arabia To End Airstrikes Against Yemen,0.0,1.0,0.0,US; Saudi Arabia; Yemen
2403,9576,Nestle seeks more groundwater to expand Michigan plant,0.0,0.732,0.268,Michigan
2404,5989,POLL: Who will win Florida? - USAPoliticsNow,0.0,0.612,0.388,Florida
2411,9745,Terrorists attack police training college in Pakistan: 60 cadets killed and 120 injured,0.615,0.385,0.0,Pakistan
2413,6884,Bombs Ready: The American Blob Is Already Oozing Into Syria - Ryan Cooper,0.0,0.828,0.172,Syria
2415,5644,The Failure of US Democracy,0.452,0.548,0.0,US
2419,9851,Women In Iceland Leave Work 14% Early To Protest The Country’s 14% Wage Gap,0.211,0.789,0.0,Iceland
2425,8690,Media Roll Out Welcome Mat for ‘Humanitarian’ War in Syria,0.262,0.537,0.201,Syria
2426,10176,"Shouts of ‘Not my president!’ in California, following Trump victory",0.0,1.0,0.0,California
2428,10008,Israeli Minister sparks Scandal after showing Satisfaction at Italy's Earthquakes,0.21,0.58,0.21,Italy
2435,7106,Israeli Deputy Minister: Italy Quakes Retribution For Anti Jewish Vote,0.204,0.796,0.0,Italy
2436,7671,It’s On: Between Duterte and America,0.0,1.0,0.0,America
2437,6766,The US May Soon Face an Apocalyptic Seismic Event,0.355,0.645,0.0,US
2445,7925,FRENCH COLLEGE STUDENT came to America with her family nine years ago because Europe had become too dangerous to live in because of mass Muslim migration,0.11,0.89,0.0,America
2448,9483,What's wrong with the planet? Saudi Arabia to be reelected to UN Human Rights Council,0.181,0.819,0.0,Saudi Arabia
2449,8285,America’s Most Popular ‘Legal’ Drug is Responsible for 25% of ALL Cancer,0.234,0.479,0.287,America
2450,10261,Stationing American troops in Japan will lead to bloody tragedy – ex-PM of Japan,0.378,0.622,0.0,Japan; Japan
2456,8450,Battle For Mosul Not What It Seems,0.302,0.698,0.0,Mosul
2461,7491,UDAN effect: Bengaluru techies demand air taxi services to cross Silk Board,0.12,0.88,0.0,Bengaluru
2462,6314,Russia reveals chilling first images of super-nuke ‘Satan 2’ which has ‘power to devastate area size of Texas’,0.245,0.755,0.0,Russia; Texas
2469,10523,Russian warships ready to strike terrorists near Aleppo,0.522,0.294,0.184,Aleppo
2477,5938,US Government and the Clinton female: Come to the Psychiatrist's Couch,0.0,1.0,0.0,US
2479,5343,10 Ways Russia is Preparing For World War 3,0.328,0.672,0.0,Russia
2486,6684,Journalist facing 45 years in jail for filming the tar sands pipeline protest in North Dakota,0.118,0.882,0.0,North Dakota
2488,10047,Assassination attempt at Reno Trump rally?,0.438,0.562,0.0,Reno
2489,6254,Paris: Riot Police Flatten Invader Camp,0.419,0.581,0.0,Paris
2494,8719,BREAKING: Trump Voters in Critical Swing State FURIOUS as Machines SWITCH Votes to HILLARY | Top Right News,0.286,0.637,0.076,HILLARY
2496,10386,Israeli Minister sparks Scandal after showing Satisfaction for Italy's Earthquakes,0.21,0.58,0.21,Italy
2501,10290,"UK Prepares For War, Sends Tanks & Soldiers To Russia’s Border",0.281,0.719,0.0,UK; Russia
2506,7632,"Bankrupt Hanjin breaks stalemate, vessels begin cargo unload",0.34,0.66,0.0,Hanjin
2507,6502,"Gold prices grow by $60 as Trump wins, US dollar trashed",0.0,0.73,0.27,US
2509,5534,Nation Elects First Black-Hearted President - The Onion - America's Finest News Source,0.0,1.0,0.0,America
2517,5744,What Does Washington ‘Plan B’ in Syria Really Mean? | The Vineyard of the Saker,0.0,1.0,0.0,Syria
2518,10202,Russell Brand’s Back on ‘The Trews’ and He’s Got Quite a Bit to Say About the U.S. Elections (Video),0.0,1.0,0.0,US
2519,9252,UFO over the East Valley here in AZ last night.,0.0,1.0,0.0,AZ
2520,10319,Putin: Russia Is Not Going To Attack Anyone,0.0,0.733,0.267,Russia
2529,8251,"Saudi ambassador to the UAE: Any contact with Iran, Iraq, Syria, and Lebanon should be checked",0.0,1.0,0.0,UAE; Iran; Iraq; Syria; Lebanon
2537,8629,Lucifer's Banker: Bradley Birkenfeld on Corporate Crime in America,0.304,0.696,0.0,America
2538,6202,Trump Reaches Out to Blacks; Blacks Riot in Philadelphia,0.305,0.593,0.102,Philadelphia
2548,6185,New Report Finds Voters Have No Idea How Outraged They Supposed To Be About Anything Anymore - The Onion - America's Finest News Source,0.206,0.794,0.0,America
2552,6439,Mark Ruffalo Reportedly Placed on U.S. Terrorist Watch List,0.37,0.63,0.0,US
2555,6427,False Flag Attack Coming in Syria as Americans Sleepwalk Into World War III - Isaac Davis,0.333,0.667,0.0,Syria
2559,5907,PressTV-Russia cancels request to fuel ships in Spain,0.213,0.787,0.0,Spain
2560,6925,CAN IT GET MORE CORRUPT? Bill That Bans Naming Officers Involved in Shootings Goes to Pennsylvania Governor,0.0,1.0,0.0,Pennsylvania
2561,9420,Breaking: We Have Proof That Hillary Clinton Rigged Half the Voting Machines In America!,0.177,0.823,0.0,America
2562,8138,Russia’s patrol ship Yaroslav Mudry arrives in Cuba on visit,0.0,1.0,0.0,Russia; Cuba
2563,8279,"Rwanda & The Philippines rate better than UK for gender equality, study shows",0.0,0.805,0.195,Rwanda; Philippines; UK
2565,8686,EU using taxpayer money to give Muslim invaders in Turkey free debit cards and cash transfers to keep them out of Europe,0.0,0.864,0.136,Turkey
2570,8998,How Soon Before We Become Venezuela?,0.0,1.0,0.0,Venezuela
2577,6011,Iranian Military Commander Claims Rogue Nation Sending Elite Fighter’s to Infiltrate the US and Europe,0.0,1.0,0.0,US
2578,6719,Amazing baby! 4-year-old Bella from Moscow easily speaks 7 languages,0.0,0.552,0.448,Moscow
2582,9820,England players controversially allowed to wear three lions,0.231,0.769,0.0,England
2590,8418,"Fearing Election Day Trouble, Some US Schools Cancel Classes",0.583,0.417,0.0,US
2597,8789,"HILLARY WILL LAND IN PRISON, NOT THE OVAL OFFICE",0.292,0.708,0.0,HILLARY
2598,6395,Chelsea Clinton Hired Eric Braverman As CEO Of The Clinton Foundation To Clean House. Now It Is Being Said He Is Asking For Asylum In Russia.,0.0,0.903,0.097,Russia
2599,6163,UN failed to organize evacuation of civilians from rebel-held Aleppo – Russian envoy,0.216,0.784,0.0,Aleppo
2610,5577,Comment on NOT GUILTY: Oregon Standoff Leaders Acquitted for Malheur Wildlife Refuge Takeover by Richard Johnson,0.0,0.742,0.258,Oregon
2613,9049,"Syrian War Report – November 2, 2016: ISIS and Al-Nusra Attempt to Cut Off Govt Supply Line to Aleppo",0.261,0.739,0.0,Aleppo
2615,9522,"The Oil-Gas War Over Syria, in Maps",0.394,0.606,0.0,Syria
2619,10197,The Danger of Germany’s Current Account Surpluses,0.362,0.638,0.0,Germany
2620,9108,UK Doctors Create List of Procedures You Don’t Need,0.0,0.792,0.208,UK
2624,10475,Florida Republicans Voting for Hillary Clinton · Guardian Liberty Voice,0.0,0.726,0.274,Florida
2629,9904,"NATO Sends A Message To Russia, This Is Horrifying",0.316,0.684,0.0,Russia
2630,9069,U.S. Behind Huge Weapons Shipments To Saudi Arabia Prior to Yemen Funeral Attack,0.429,0.455,0.116,US; Saudi Arabia; Yemen
2634,6281,Will an Anti-Trump Color Revolution engulf the US?,0.0,1.0,0.0,US
2636,6338,NATO acknowledges Russia Moving Nuclear Missiles To Kaliningrad,0.0,1.0,0.0,Russia; Kaliningrad
2639,5540,ISIS applies chlorine in Aleppo,0.0,1.0,0.0,Aleppo
2643,7543,TRANSPARENCY! Report: Loretta Lynch won’t tell Congress who approved $1.7 billion cash transfer to Iran,0.0,0.819,0.181,Iran
2644,7536,Internationally-backed Libyan forces attack Daesh positions in Sirte,0.307,0.693,0.0,Sirte
2646,5702,Venezuela Throws In The Towel On Hyperinflation: Will Print 200x Higher-Denominated Bills,0.0,1.0,0.0,Venezuela
2647,7659,Series of powerful earthquakes including 6.0 magnitude strikes central Italy,0.188,0.602,0.211,Italy
2649,9161,Comment on Sweden on the brink? Police force pushed to breaking point by violence amid migrant influx by Paul Blake,0.177,0.823,0.0,Sweden
2652,8291,French Politician Blames UK Welfare System For Calais Jungle Crisis,0.459,0.541,0.0,UK; Calais
2653,9349,Syrian Refugee in Germany Gets $390K in Annual Benefits. And It's Because of Who He Takes Care Of,0.0,0.734,0.266,Germany
2655,6144,Brian Cloughley: “The Greatest Achievement of Mr. Trump would be Engage in Positive Discussions with Russia and China”,0.0,0.595,0.405,Russia; China
2662,8022,A Coup Taking Place in the United States,0.0,0.714,0.286,the United States
2665,6668,"US-led Coalition Killed 300 Civilians in just 11 Air Strikes in Syria, Amnesty International Report Finds",0.333,0.667,0.0,US; Syria
2670,6292,America Is Better Without Borders,0.0,0.58,0.42,America
2681,7176,"The Email Mess, Comey’s quandary and the expanding brawl in Washington",0.2,0.8,0.0,Washington
2684,9922,Nation Still Struggling To Come To Terms With Terrorist Living In Ireland,0.429,0.571,0.0,Ireland
2686,7974,U.S. Elections Shockwaves Hit Europe,0.0,1.0,0.0,US
2693,7301,An Alabama Reader Is Pleased To Report That Jeff Sessions Reads Ann Coulter!,0.0,0.79,0.21,Alabama
2694,7250,Pa. lawmakers approve ban on naming officers in shootings,0.31,0.69,0.0,Pa
2696,8008,"Florida’s “deceptive” solar initiative, backed by utilities companies, loses support",0.176,0.534,0.29,Florida
2704,7683,"Washington's Embargo on Cuba Not Effective, Isolated US - White House",0.189,0.666,0.145,Washington; Cuba; US
2705,8991,Comment on 184 U.S. generals and admirals endorse Trump for Commander-In-Chief by Tonya Parnell,0.0,0.714,0.286,US
2708,5376,"Exhausted, Defeated Voters Finally Beginning To Relate To Hillary Clinton - The Onion - America's Finest News Source",0.259,0.741,0.0,America
2711,9627,"American Tourist Can’t Get Over Dirty, Decaying & Dangerous Charm Of Dublin City",0.426,0.441,0.132,Dublin City
2715,8361,US calls for end to Saudi airstrikes in Yemen,0.0,1.0,0.0,US; Yemen
2718,9599,Saudi Arabia poised to be reelected to UN Human Rights Council,0.0,0.833,0.167,Saudi Arabia
2721,10311,"Saudi ambassador to the UAE: Any contact with Iran, Iraq, Syria, and Lebanon should be checked",0.0,1.0,0.0,UAE; Iran; Iraq; Syria; Lebanon
2722,5299,"Poverty Rose in 96% of U.S. House Districts, During Obama’s Presidency",0.248,0.752,0.0,US
2724,10440,New Male Birth Control Method Tested - The Onion - America's Finest News Source,0.0,1.0,0.0,America
2730,5372,Texas Cop Fired For Feeding ‘Feces’ Sandwich To Homeless Man,0.286,0.714,0.0,Texas
2739,8585,Alien Visitors? No Explanation for Mysterious Lights in Night Sky Over Arizona,0.167,0.833,0.0,Arizona
2741,6979,US Drone Pilots May Be ‘Illegally’ Acquiring Targets From UK Bases,0.0,1.0,0.0,US; UK
2742,5403,Russia Is Hoarding Gold at Breakneck Pace — The Next Global Conflict Will Be Fought With Currencies - Jay Syrmopoulos,0.204,0.796,0.0,Russia
2743,6807,Voting Against Peace in Colombia,0.0,0.533,0.467,Colombia
2744,6282,Japan approves already dead TPP deal,0.391,0.364,0.245,Japan
2746,8047,Montenegrin PM resigns shortly after suggesting Russia behind alleged coup plot,0.187,0.813,0.0,Russia
2755,9127,IRANIAN MISSILE ACCIDENTALLY DESTROYS IRANIAN SHIP AIMED FOR SYRIA!,0.473,0.527,0.0,SYRIA
2758,8662,Economic upgrade: Russia receives multiple endorsements for rapidly improving business conditions,0.0,0.781,0.219,Russia
2761,6800,Automation: Robots from Korea to America Are Replacing Workers,0.0,1.0,0.0,Korea; America
2765,10465,Legendary US Gymnastics Coach Bela Karolyi May Have Known for YEARS That Team's Doctor Sexually Abused Girls,0.171,0.829,0.0,US
2769,9017,PA Kids’ Drawings: Israel Drinks Blood of Palestinians,0.0,1.0,0.0,Israel
2773,6444,Another Saudi War Crime in Yemen as 43 Prisoners Dead in Airstrike,0.652,0.348,0.0,Yemen
2780,7450,Illinois Senator Draws Fire for Racially Charged Attack on Opponent’s Family,0.477,0.523,0.0,Illinois
2781,9315,PressTV-NATO pushes military buildup plans near Russia,0.0,1.0,0.0,Russia
2783,7976,US Military Notifies Russia Of “Sustained Alert Status” Due To “Presidential Election Threat”,0.0,0.845,0.155,US; Russia
2784,6846,Prowling Amur tiger nabbed near Vladivostok,0.0,1.0,0.0,Vladivostok
2786,9240,Putin blasts Clinton & Tells U.S. Govt to STOP Criticizing Russia,0.376,0.624,0.0,US; Russia
2788,7329,Is Trump winning? The future of America depends on a few states,0.0,0.764,0.236,America
2791,6773,WORLD WAR 3 – HILLARY V.S. TRUMP,0.436,0.564,0.0,HILLARY; VS TRUMP
2792,7926,"The Modern History of ""Rigged"" US Elections",0.294,0.706,0.0,US
2797,7334,Tiny Homes Banned in U.S. at Increasing Rate as Govt Criminalizes Sustainable Living,0.2,0.8,0.0,US
2798,8481,Reflections on US Political Tragedies,0.42,0.58,0.0,US
2802,10491,PressTV-‘Clintons worked with US enemies’,0.0,1.0,0.0,US
2805,5633,What Happens If Trump Refuses To Concede Election - The Onion - America's Finest News Source,0.0,1.0,0.0,America
2807,5353,Trump Raises Concern Over Members Of Urban Communities Voting More Than Zero Times - The Onion - America's Finest News Source,0.0,1.0,0.0,America
2809,7568,Valentin Katasonov: America is in agony and Trump is the doctor,0.219,0.781,0.0,America
2815,9515,Non-GMO 'crop circles' showing up in corn fields in Nebraska,0.0,1.0,0.0,Nebraska
2817,9159,UNSC Members Fail to Agree on New Zealand Draft Resolution on Aleppo,0.219,0.625,0.156,New Zealand; Aleppo
2827,9225,"Dear America, Let’s Now Unite and Flood Our Nation With Optimism",0.0,0.596,0.404,America
2834,7230,WHAT EVERYDAY LIFE IS REALLY LIKE IN CUBA UNDER RAÚL CASTRO,0.0,0.782,0.218,CUBA
2836,8434,Clinton’s Policy On Syria Will Lead To WW3 Says Trump,0.0,1.0,0.0,Syria
2846,10072,Russia Preparing for Nuclear World War III with NATO USA Breaking News November 5 2016,0.218,0.782,0.0,Russia; USA
2848,8700,Black Trump Supporter: ‘We need somebody that loves America’,0.0,0.547,0.453,America
2849,7734,US uses Tunisia as drone base for Libya operations - report,0.0,1.0,0.0,US; Tunisia; Libya
2852,10055,17 Shot Dead As Chicago Records Deadliest Weekend Of 2016,0.323,0.677,0.0,Chicago
2859,10148,HA HA! Look At Arkansas Today Trump +28,0.0,0.671,0.329,Arkansas
2865,5886,Human Rights group alarmed at extra-judicial killings of MQM workers' by para-military force in Pakistan,0.347,0.653,0.0,Pakistan
2873,10497,3 Charlotte Area Counties Report Voting Machines Picking Wrong Candidates,0.256,0.744,0.0,Charlotte
2875,7555,SOME FLA. RESIDENTS PLAN ARMED TRICK-OR-TREATING AFTER CREEPY CLOWN THREATS,0.237,0.763,0.0,FLA
2877,8535,Zakharova: The US is protecting Al-Nusra from being destroyed,0.286,0.714,0.0,US
2887,7941,UK announces new troop deployment near Russia's borders,0.0,1.0,0.0,UK; Russia
2890,6866,COPS AMBUSHED IN IOWA,0.0,1.0,0.0,IOWA
2896,6847,Donald Trump kicks off final campaign day with Fla. rally,0.0,1.0,0.0,Fla
2897,6193,Russia Has Shot From 124th to 40th in 'Ease of Doing Business',0.0,0.815,0.185,Russia
2899,9272,Letter to Judge in Bundy Case in Oregon,0.0,1.0,0.0,Oregon
2900,8464,"Syrian Army Enters Metro Damascus Town, Driving Rebels Further Back",0.167,0.833,0.0,Damascus
2902,5494,Hillary Clinton’s “Sudden Move” Of $1.8 Billion To Qatar Central Bank Stuns Financial World,0.0,0.922,0.078,Qatar
2909,5300,"""Russia is concentrating"" 2.0: Putin's new policy of ""active defense""",0.0,0.656,0.344,Russia
2914,7884,Yemen and YET another “False Flag” to Protect Saudi and US Interests in the Middle East | New Eastern Outlook,0.0,0.796,0.204,Yemen; YET; US
2927,9651,Donald Trump Elected 45th President Of The United States,0.0,0.741,0.259,The United States
2931,8433,No Proof Russia Hacked Hillary's E-mail,0.551,0.449,0.0,Russia
2934,10075,Is it possible that Saudi King be tried in US courts by JASTA Law?,0.0,1.0,0.0,US
2936,10140,US-led airstrike kills at least 30 Afghan civilians,0.333,0.667,0.0,US
2937,8880,US ‘Laying Groundwork’ For Raqqa Offensive In Syria,0.3,0.7,0.0,Raqqa; Syria
2939,8768,30 Civilians Die In US Airstrike Called ‘To Protect US and Afghan troops’,0.223,0.629,0.149,US; US
2942,8131,Malala Announced That She Plans To Become Prime Minister Of Pakistan,0.0,1.0,0.0,Pakistan
2945,6026,"Whether Clinton or Trump, Tensions Will Escalate with China and Russia Under Next U.S. President",0.162,0.838,0.0,China; Russia; US
2949,5797,"Break the Silence or Support Self-Determination? In Syria, the Answer Should be Obvious",0.0,0.816,0.184,Syria
2952,10229,WikiLeaks Bombshell: ‘There Is No US Election’,0.268,0.732,0.0,US
2963,5453,Russia Tests Stealth Hypersonic Nuke Capable of Wiping Texas or France,0.101,0.698,0.202,Russia; Texas; France
2964,5424,Russia's countersanctions for Syria will hit the West below the belt,0.0,1.0,0.0,Russia; Syria
2966,6056,"Slavic Brotherhood 2016: Russia, Serbia & Belarus hold joint military drills",0.0,1.0,0.0,Russia; Serbia; Belarus
2974,7457,Crooked Hillary Campaign Used A Green Screen At Today’s Low Turnout Rally In Coconut Creek FL,0.123,0.877,0.0,Coconut Creek; FL
2981,7060,Now Malaysia Dumps US for Chinese Naval Vessels,0.278,0.722,0.0,Malaysia; US
2994,10463,"‘Go Back to Where You Claim Home,’ Kansas Lawmaker Tells Protester",0.0,1.0,0.0,Kansas
2996,5382,US Secret Service Struggles To Find Recruits Who Haven’t Used Adderall,0.2,0.8,0.0,US
2999,9094,"UK Interested in Strong Energy Sector, Stable Int'l Market - Ex-Minister",0.0,0.405,0.595,UK
3002,5761,"No, Russia Is Not ‘Isolated’ Or The ‘Enemy’",0.0,1.0,0.0,Russia
3008,5953,Fifth Varshavyanka submarine joins Russia’s Navy | Russia & India Report,0.0,1.0,0.0,Russia; Russia
3019,9656,Humans Came Out Of Australia Not Africa,0.0,1.0,0.0,Australia
3020,8811,"Russia, China Look To Autonomous Financial System",0.0,1.0,0.0,Russia; China
3022,6789,5.0 Quake Near Oklahoma Oil Hub Causes Substantial Damage,0.267,0.583,0.15,Oklahoma
3024,7749,BREAKING: Hillary’s State Department Spent $9.2 Million Hiring the Terrorists Who Attacked Americans in Benghazi,0.353,0.647,0.0,Benghazi
3025,6868,UN Chief urges South Africa to reconsider quitting ICC,0.0,1.0,0.0,South Africa
3027,8432,U.S. Near Bottom in Public ‘Confidence in Elections’,0.0,1.0,0.0,US
3028,5504,Will the next US president be a psycho lesbian? (plus 2 breaking news videos),0.0,1.0,0.0,US
3033,7855,Stabbing Injures Seven People in Newark Home · Guardian Liberty Voice,0.0,0.746,0.254,Newark
3035,6355,Arkansas Republicans Put The Word “Liar” In Hillary’s Name On Ballot,0.0,1.0,0.0,Arkansas
3036,9842,"ISIS uses an industrial dough kneader to kill 250 children, roasts adults in a bakery oven in Douma, Syria",0.207,0.793,0.0,Douma; Syria
3037,5360,"Jaish Al-Fatah Leader Admits Receiving Financial, Military Aid from Saudi Arabia",0.0,0.82,0.18,Saudi Arabia
3048,9772,Crimean and Donetsk leaders comment on US elections,0.0,1.0,0.0,Donetsk; US
3057,8107,RT: Russia Just Tested a Nuclear-Capable Warhead That Can Outsmart US Anti-Missile Systems,0.0,1.0,0.0,Russia; US
3067,8231,Bitcoin Soars As China Launches Crackdown On Wealth-Management Products,0.0,1.0,0.0,China
3069,8253,The U.S. National Bird Is Now a Drone,0.0,1.0,0.0,US
3073,10015,Trump Dedicates D.C. Hotel: 'The Future Lies With The Dreamers',0.237,0.763,0.0,DC
3078,10486,US Moving ISIS Fighters From Iraq To Syria To Topple Assad,0.107,0.893,0.0,US; Iraq; Syria
3081,7116,US intelligence warns public of pre-election day terror,0.372,0.388,0.24,US
3083,5389,Russian FM Lavrov reminds USA of war crimes in Yugoslavia,0.302,0.698,0.0,USA; Yugoslavia
3086,9187,Russia and Syria Warn About US Shifting ISIS from Mosul to Battle Assad,0.267,0.733,0.0,Russia; Syria; US; Mosul
3092,7932,"France: Muslim Screams ‘There is Only One Master — Allah’, Punches Teacher in Front of Pupils",0.128,0.872,0.0,France
3096,7005,Erdogan wants to revive the dream of Ottoman Empire by supporting Saudi Arabia,0.0,0.578,0.422,Ottoman Empire; Saudi Arabia
3099,8613,"ISIS uses an industrial dough kneader to kill 250 children, roasts adults in a bakery oven in Douma, Syria",0.207,0.793,0.0,Douma; Syria
3100,9901,Estonia trains partisans for war with Russia,0.394,0.606,0.0,Estonia; Russia
3101,10045,With Dire Situation in America for Voters; Homeschool Enrollment Doubles,0.25,0.75,0.0,America
3102,9542,Schools All Over America Are Closing On Election Day Due To Fears Of Violence,0.365,0.635,0.0,America
3103,7171,North Korea Threatens ‘Sacred’ Nuclear War Against Israel if this country continue supporting ISIS,0.319,0.539,0.142,North Korea; Israel
3104,9887,"One Week, and Counting: Bottom-Fishing in America",0.0,1.0,0.0,America
3114,8904,"Wikileaks Bombshell: ‘There is no US election’ (Video, 5.26 mins)",0.196,0.804,0.0,US
3118,10157,NYT: Undocumented Student Denounces Free Speech on Immigration Policy,0.22,0.53,0.25,NYT
3119,9325,"As Flint Suffers, Nestlé Plans Dramatic Expansion of Water Privatization in Michigan",0.22,0.78,0.0,Flint; Michigan
3124,8053,Putin “Collecting” Former US Allies,0.0,1.0,0.0,US
3127,7008,UN Failed to Carry Adequate Medical Evacuations in Aleppo - Churkin,0.232,0.634,0.134,Aleppo; Churkin
3129,5574,Is America On The Brink Of Civil War?,0.358,0.642,0.0,America
3136,7900,Duterte Pulls a 180: China to Build Fake Islands Right Off Philippine Coast,0.205,0.795,0.0,China
3137,7759,Top Aide to Hillary Clinton Urges the FBI to Disclose what it Knows about Trump's Russia Ties,0.0,0.899,0.101,Russia
3138,8757,"Turkey’s Crackdown on Criticism Continues as Journalists, 10K Civil Servants Arrested",0.4,0.6,0.0,Turkey
3146,6457,Colin Kaepernick hosts ‘Know Your Rights’ camp for Oakland-area youth,0.0,1.0,0.0,Oakland
3148,9013,US abstains from UN vote calling for end to Cuban embargo,0.0,1.0,0.0,US
3160,9337,"Radio Derb Is On The Air–Leonardo And Brazil’s Miss Bum Bum Pageant, Etc.",0.118,0.882,0.0,Brazil
